{"data":[{"ObjectIdentifier": "S-1-5-21-405608879-3187717380-1996298813-1102", "Properties": {"domain": "ACTIVE.HTB", "domainsid": "S-1-5-21-405608879-3187717380-1996298813", "highvalue": false, "name": "DNSUPDATEPROXY@ACTIVE.HTB", "distinguishedname": "CN=DNSUPDATEPROXY,CN=USERS,DC=ACTIVE,DC=HTB", "admincount": false, "description": "DNS clients who are permitted to perform dynamic updates on behalf of some other clients (such as DHCP servers).", "samaccountname": "DnsUpdateProxy", "whencreated": 1531939875}, "Members": [], "Aces": [{"RightName": "GenericAll", "IsInherited": false, "PrincipalSID": "S-1-5-21-405608879-3187717380-1996298813-512", "PrincipalType": "Group"}, {"RightName": "GenericAll", "IsInherited": false, "PrincipalSID": "ACTIVE.HTB-S-1-5-32-548", "PrincipalType": "Group"}, {"RightName": "GenericWrite", "IsInherited": true, "PrincipalSID": "ACTIVE.HTB-S-1-5-32-544", "PrincipalType": "Group"}, {"RightName": "WriteOwner", "IsInherited": true, "PrincipalSID": "ACTIVE.HTB-S-1-5-32-544", "PrincipalType": "Group"}, {"RightName": "WriteDacl", "IsInherited": true, "PrincipalSID": "ACTIVE.HTB-S-1-5-32-544", "PrincipalType": "Group"}, {"RightName": "GenericAll", "IsInherited": true, "PrincipalSID": "S-1-5-21-405608879-3187717380-1996298813-519", "PrincipalType": "Group"}], "IsDeleted": false, "IsACLProtected": false},{"ObjectIdentifier": "S-1-5-21-405608879-3187717380-1996298813-1101", "Properties": {"domain": "ACTIVE.HTB", "domainsid": "S-1-5-21-405608879-3187717380-1996298813", "highvalue": false, "name": "DNSADMINS@ACTIVE.HTB", "distinguishedname": "CN=DNSADMINS,CN=USERS,DC=ACTIVE,DC=HTB", "admincount": false, "description": "DNS Administrators Group", "samaccountname": "DnsAdmins", "whencreated": 1531939875}, "Members": [], "Aces": [{"RightName": "GenericAll", "IsInherited": false, "PrincipalSID": "S-1-5-21-405608879-3187717380-1996298813-512", "PrincipalType": "Group"}, {"RightName": "GenericAll", "IsInherited": false, "PrincipalSID": "ACTIVE.HTB-S-1-5-32-548", "PrincipalType": "Group"}, {"RightName": "GenericWrite", "IsInherited": true, "PrincipalSID": "ACTIVE.HTB-S-1-5-32-544", "PrincipalType": "Group"}, {"RightName": "WriteOwner", "IsInherited": true, "PrincipalSID": "ACTIVE.HTB-S-1-5-32-544", "PrincipalType": "Group"}, {"RightName": "WriteDacl", "IsInherited": true, "PrincipalSID": "ACTIVE.HTB-S-1-5-32-544", "PrincipalType": "Group"}, {"RightName": "GenericAll", "IsInherited": true, "PrincipalSID": "S-1-5-21-405608879-3187717380-1996298813-519", "PrincipalType": "Group"}], "IsDeleted": false, "IsACLProtected": false},{"ObjectIdentifier": "S-1-5-21-405608879-3187717380-1996298813-498", "Properties": {"domain": "ACTIVE.HTB", "domainsid": "S-1-5-21-405608879-3187717380-1996298813", "highvalue": false, "name": "ENTERPRISE READ-ONLY DOMAIN CONTROLLERS@ACTIVE.HTB", "distinguishedname": "CN=ENTERPRISE READ-ONLY DOMAIN CONTROLLERS,CN=USERS,DC=ACTIVE,DC=HTB", "admincount": false, "description": "Members of this group are Read-Only Domain Controllers in the enterprise", "samaccountname": "Enterprise Read-only Domain Controllers", "whencreated": 1531939837}, "Members": [], "Aces": [{"RightName": "Owns", "IsInherited": false, "PrincipalSID": "S-1-5-21-405608879-3187717380-1996298813-512", "PrincipalType": "Group"}, {"RightName": "GenericAll", "IsInherited": false, "PrincipalSID": "S-1-5-21-405608879-3187717380-1996298813-512", "PrincipalType": "Group"}, {"RightName": "GenericAll", "IsInherited": false, "PrincipalSID": "ACTIVE.HTB-S-1-5-32-548", "PrincipalType": "Group"}, {"RightName": "GenericWrite", "IsInherited": true, "PrincipalSID": "ACTIVE.HTB-S-1-5-32-544", "PrincipalType": "Group"}, {"RightName": "WriteOwner", "IsInherited": true, "PrincipalSID": "ACTIVE.HTB-S-1-5-32-544", "PrincipalType": "Group"}, {"RightName": "WriteDacl", "IsInherited": true, "PrincipalSID": "ACTIVE.HTB-S-1-5-32-544", "PrincipalType": "Group"}, {"RightName": "GenericAll", "IsInherited": true, "PrincipalSID": "S-1-5-21-405608879-3187717380-1996298813-519", "PrincipalType": "Group"}], "IsDeleted": false, "IsACLProtected": false},{"ObjectIdentifier": "S-1-5-21-405608879-3187717380-1996298813-521", "Properties": {"domain": "ACTIVE.HTB", "domainsid": "S-1-5-21-405608879-3187717380-1996298813", "highvalue": false, "name": "READ-ONLY DOMAIN CONTROLLERS@ACTIVE.HTB", "distinguishedname": "CN=READ-ONLY DOMAIN CONTROLLERS,CN=USERS,DC=ACTIVE,DC=HTB", "admincount": true, "description": "Members of this group are Read-Only Domain Controllers in the domain", "samaccountname": "Read-only Domain Controllers", "whencreated": 1531939837}, "Members": [], "Aces": [{"RightName": "Owns", "IsInherited": false, "PrincipalSID": "S-1-5-21-405608879-3187717380-1996298813-512", "PrincipalType": "Group"}, {"RightName": "GenericWrite", "IsInherited": false, "PrincipalSID": "S-1-5-21-405608879-3187717380-1996298813-512", "PrincipalType": "Group"}, {"RightName": "WriteOwner", "IsInherited": false, "PrincipalSID": "S-1-5-21-405608879-3187717380-1996298813-512", "PrincipalType": "Group"}, {"RightName": "WriteDacl", "IsInherited": false, "PrincipalSID": "S-1-5-21-405608879-3187717380-1996298813-512", "PrincipalType": "Group"}, {"RightName": "GenericWrite", "IsInherited": false, "PrincipalSID": "S-1-5-21-405608879-3187717380-1996298813-519", "PrincipalType": "Group"}, {"RightName": "WriteOwner", "IsInherited": false, "PrincipalSID": "S-1-5-21-405608879-3187717380-1996298813-519", "PrincipalType": "Group"}, {"RightName": "WriteDacl", "IsInherited": false, "PrincipalSID": "S-1-5-21-405608879-3187717380-1996298813-519", "PrincipalType": "Group"}, {"RightName": "GenericWrite", "IsInherited": false, "PrincipalSID": "ACTIVE.HTB-S-1-5-32-544", "PrincipalType": "Group"}, {"RightName": "WriteOwner", "IsInherited": false, "PrincipalSID": "ACTIVE.HTB-S-1-5-32-544", "PrincipalType": "Group"}, {"RightName": "WriteDacl", "IsInherited": false, "PrincipalSID": "ACTIVE.HTB-S-1-5-32-544", "PrincipalType": "Group"}], "IsDeleted": false, "IsACLProtected": true},{"ObjectIdentifier": "S-1-5-21-405608879-3187717380-1996298813-572", "Properties": {"domain": "ACTIVE.HTB", "domainsid": "S-1-5-21-405608879-3187717380-1996298813", "highvalue": false, "name": "DENIED RODC PASSWORD REPLICATION GROUP@ACTIVE.HTB", "distinguishedname": "CN=DENIED RODC PASSWORD REPLICATION GROUP,CN=USERS,DC=ACTIVE,DC=HTB", "admincount": false, "description": "Members in this group cannot have their passwords replicated to any read-only domain controllers in the domain", "samaccountname": "Denied RODC Password Replication Group", "whencreated": 1531939837}, "Members": [{"ObjectIdentifier": "S-1-5-21-405608879-3187717380-1996298813-521", "ObjectType": "Group"}, {"ObjectIdentifier": "S-1-5-21-405608879-3187717380-1996298813-520", "ObjectType": "Group"}, {"ObjectIdentifier": "S-1-5-21-405608879-3187717380-1996298813-512", "ObjectType": "Group"}, {"ObjectIdentifier": "S-1-5-21-405608879-3187717380-1996298813-517", "ObjectType": "Group"}, {"ObjectIdentifier": "S-1-5-21-405608879-3187717380-1996298813-519", "ObjectType": "Group"}, {"ObjectIdentifier": "S-1-5-21-405608879-3187717380-1996298813-518", "ObjectType": "Group"}, {"ObjectIdentifier": "S-1-5-21-405608879-3187717380-1996298813-516", "ObjectType": "Group"}, {"ObjectIdentifier": "S-1-5-21-405608879-3187717380-1996298813-502", "ObjectType": "User"}], "Aces": [{"RightName": "Owns", "IsInherited": false, "PrincipalSID": "S-1-5-21-405608879-3187717380-1996298813-512", "PrincipalType": "Group"}, {"RightName": "GenericAll", "IsInherited": false, "PrincipalSID": "S-1-5-21-405608879-3187717380-1996298813-512", "PrincipalType": "Group"}, {"RightName": "GenericAll", "IsInherited": false, "PrincipalSID": "ACTIVE.HTB-S-1-5-32-548", "PrincipalType": "Group"}, {"RightName": "GenericWrite", "IsInherited": true, "PrincipalSID": "ACTIVE.HTB-S-1-5-32-544", "PrincipalType": "Group"}, {"RightName": "WriteOwner", "IsInherited": true, "PrincipalSID": "ACTIVE.HTB-S-1-5-32-544", "PrincipalType": "Group"}, {"RightName": "WriteDacl", "IsInherited": true, "PrincipalSID": "ACTIVE.HTB-S-1-5-32-544", "PrincipalType": "Group"}, {"RightName": "GenericAll", "IsInherited": true, "PrincipalSID": "S-1-5-21-405608879-3187717380-1996298813-519", "PrincipalType": "Group"}], "IsDeleted": false, "IsACLProtected": false},{"ObjectIdentifier": "S-1-5-21-405608879-3187717380-1996298813-571", "Properties": {"domain": "ACTIVE.HTB", "domainsid": "S-1-5-21-405608879-3187717380-1996298813", "highvalue": false, "name": "ALLOWED RODC PASSWORD REPLICATION GROUP@ACTIVE.HTB", "distinguishedname": "CN=ALLOWED RODC PASSWORD REPLICATION GROUP,CN=USERS,DC=ACTIVE,DC=HTB", "admincount": false, "description": "Members in this group can have their passwords replicated to all read-only domain controllers in the domain", "samaccountname": "Allowed RODC Password Replication Group", "whencreated": 1531939837}, "Members": [], "Aces": [{"RightName": "Owns", "IsInherited": false, "PrincipalSID": "S-1-5-21-405608879-3187717380-1996298813-512", "PrincipalType": "Group"}, {"RightName": "GenericAll", "IsInherited": false, "PrincipalSID": "S-1-5-21-405608879-3187717380-1996298813-512", "PrincipalType": "Group"}, {"RightName": "GenericAll", "IsInherited": false, "PrincipalSID": "ACTIVE.HTB-S-1-5-32-548", "PrincipalType": "Group"}, {"RightName": "GenericWrite", "IsInherited": true, "PrincipalSID": "ACTIVE.HTB-S-1-5-32-544", "PrincipalType": "Group"}, {"RightName": "WriteOwner", "IsInherited": true, "PrincipalSID": "ACTIVE.HTB-S-1-5-32-544", "PrincipalType": "Group"}, {"RightName": "WriteDacl", "IsInherited": true, "PrincipalSID": "ACTIVE.HTB-S-1-5-32-544", "PrincipalType": "Group"}, {"RightName": "GenericAll", "IsInherited": true, "PrincipalSID": "S-1-5-21-405608879-3187717380-1996298813-519", "PrincipalType": "Group"}], "IsDeleted": false, "IsACLProtected": false},{"ObjectIdentifier": "ACTIVE.HTB-S-1-5-32-561", "Properties": {"domain": "ACTIVE.HTB", "domainsid": "S-1-5-21-405608879-3187717380-1996298813", "highvalue": false, "name": "TERMINAL SERVER LICENSE SERVERS@ACTIVE.HTB", "distinguishedname": "CN=TERMINAL SERVER LICENSE SERVERS,CN=BUILTIN,DC=ACTIVE,DC=HTB", "admincount": false, "description": "Members of this group can update user accounts in Active Directory with information about license issuance, for the purpose of tracking and reporting TS Per User CAL usage", "samaccountname": "Terminal Server License Servers", "whencreated": 1531939837}, "Members": [], "Aces": [{"RightName": "Owns", "IsInherited": false, "PrincipalSID": "S-1-5-21-405608879-3187717380-1996298813-512", "PrincipalType": "Group"}, {"RightName": "GenericAll", "IsInherited": false, "PrincipalSID": "S-1-5-21-405608879-3187717380-1996298813-512", "PrincipalType": "Group"}, {"RightName": "GenericAll", "IsInherited": false, "PrincipalSID": "ACTIVE.HTB-S-1-5-32-548", "PrincipalType": "Group"}, {"RightName": "GenericAll", "IsInherited": true, "PrincipalSID": "S-1-5-21-405608879-3187717380-1996298813-519", "PrincipalType": "Group"}, {"RightName": "GenericWrite", "IsInherited": true, "PrincipalSID": "ACTIVE.HTB-S-1-5-32-544", "PrincipalType": "Group"}, {"RightName": "WriteOwner", "IsInherited": true, "PrincipalSID": "ACTIVE.HTB-S-1-5-32-544", "PrincipalType": "Group"}, {"RightName": "WriteDacl", "IsInherited": true, "PrincipalSID": "ACTIVE.HTB-S-1-5-32-544", "PrincipalType": "Group"}], "IsDeleted": false, "IsACLProtected": false},{"ObjectIdentifier": "ACTIVE.HTB-S-1-5-32-560", "Properties": {"domain": "ACTIVE.HTB", "domainsid": "S-1-5-21-405608879-3187717380-1996298813", "highvalue": false, "name": "WINDOWS AUTHORIZATION ACCESS GROUP@ACTIVE.HTB", "distinguishedname": "CN=WINDOWS AUTHORIZATION ACCESS GROUP,CN=BUILTIN,DC=ACTIVE,DC=HTB", "admincount": false, "description": "Members of this group have access to the computed tokenGroupsGlobalAndUniversal attribute on User objects", "samaccountname": "Windows Authorization Access Group", "whencreated": 1531939837}, "Members": [{"ObjectIdentifier": "ACTIVE.HTB-S-1-5-9", "ObjectType": "Group"}], "Aces": [{"RightName": "Owns", "IsInherited": false, "PrincipalSID": "S-1-5-21-405608879-3187717380-1996298813-512", "PrincipalType": "Group"}, {"RightName": "GenericAll", "IsInherited": false, "PrincipalSID": "S-1-5-21-405608879-3187717380-1996298813-512", "PrincipalType": "Group"}, {"RightName": "GenericAll", "IsInherited": false, "PrincipalSID": "ACTIVE.HTB-S-1-5-32-548", "PrincipalType": "Group"}, {"RightName": "GenericAll", "IsInherited": true, "PrincipalSID": "S-1-5-21-405608879-3187717380-1996298813-519", "PrincipalType": "Group"}, {"RightName": "GenericWrite", "IsInherited": true, "PrincipalSID": "ACTIVE.HTB-S-1-5-32-544", "PrincipalType": "Group"}, {"RightName": "WriteOwner", "IsInherited": true, "PrincipalSID": "ACTIVE.HTB-S-1-5-32-544", "PrincipalType": "Group"}, {"RightName": "WriteDacl", "IsInherited": true, "PrincipalSID": "ACTIVE.HTB-S-1-5-32-544", "PrincipalType": "Group"}], "IsDeleted": false, "IsACLProtected": false},{"ObjectIdentifier": "ACTIVE.HTB-S-1-5-32-557", "Properties": {"domain": "ACTIVE.HTB", "domainsid": "S-1-5-21-405608879-3187717380-1996298813", "highvalue": false, "name": "INCOMING FOREST TRUST BUILDERS@ACTIVE.HTB", "distinguishedname": "CN=INCOMING FOREST TRUST BUILDERS,CN=BUILTIN,DC=ACTIVE,DC=HTB", "admincount": false, "description": "Members of this group can create incoming, one-way trusts to this forest", "samaccountname": "Incoming Forest Trust Builders", "whencreated": 1531939837}, "Members": [], "Aces": [{"RightName": "Owns", "IsInherited": false, "PrincipalSID": "S-1-5-21-405608879-3187717380-1996298813-512", "PrincipalType": "Group"}, {"RightName": "GenericAll", "IsInherited": false, "PrincipalSID": "S-1-5-21-405608879-3187717380-1996298813-512", "PrincipalType": "Group"}, {"RightName": "GenericAll", "IsInherited": false, "PrincipalSID": "ACTIVE.HTB-S-1-5-32-548", "PrincipalType": "Group"}, {"RightName": "GenericAll", "IsInherited": true, "PrincipalSID": "S-1-5-21-405608879-3187717380-1996298813-519", "PrincipalType": "Group"}, {"RightName": "GenericWrite", "IsInherited": true, "PrincipalSID": "ACTIVE.HTB-S-1-5-32-544", "PrincipalType": "Group"}, {"RightName": "WriteOwner", "IsInherited": true, "PrincipalSID": "ACTIVE.HTB-S-1-5-32-544", "PrincipalType": "Group"}, {"RightName": "WriteDacl", "IsInherited": true, "PrincipalSID": "ACTIVE.HTB-S-1-5-32-544", "PrincipalType": "Group"}], "IsDeleted": false, "IsACLProtected": false},{"ObjectIdentifier": "ACTIVE.HTB-S-1-5-32-554", "Properties": {"domain": "ACTIVE.HTB", "domainsid": "S-1-5-21-405608879-3187717380-1996298813", "highvalue": false, "name": "PRE-WINDOWS 2000 COMPATIBLE ACCESS@ACTIVE.HTB", "distinguishedname": "CN=PRE-WINDOWS 2000 COMPATIBLE ACCESS,CN=BUILTIN,DC=ACTIVE,DC=HTB", "admincount": false, "description": "A backward compatibility group which allows read access on all users and groups in the domain", "samaccountname": "Pre-Windows 2000 Compatible Access", "whencreated": 1531939837}, "Members": [{"ObjectIdentifier": "ACTIVE.HTB-S-1-5-11", "ObjectType": "Group"}], "Aces": [{"RightName": "Owns", "IsInherited": false, "PrincipalSID": "S-1-5-21-405608879-3187717380-1996298813-512", "PrincipalType": "Group"}, {"RightName": "GenericAll", "IsInherited": false, "PrincipalSID": "S-1-5-21-405608879-3187717380-1996298813-512", "PrincipalType": "Group"}, {"RightName": "GenericAll", "IsInherited": false, "PrincipalSID": "ACTIVE.HTB-S-1-5-32-548", "PrincipalType": "Group"}, {"RightName": "GenericAll", "IsInherited": true, "PrincipalSID": "S-1-5-21-405608879-3187717380-1996298813-519", "PrincipalType": "Group"}, {"RightName": "GenericWrite", "IsInherited": true, "PrincipalSID": "ACTIVE.HTB-S-1-5-32-544", "PrincipalType": "Group"}, {"RightName": "WriteOwner", "IsInherited": true, "PrincipalSID": "ACTIVE.HTB-S-1-5-32-544", "PrincipalType": "Group"}, {"RightName": "WriteDacl", "IsInherited": true, "PrincipalSID": "ACTIVE.HTB-S-1-5-32-544", "PrincipalType": "Group"}], "IsDeleted": false, "IsACLProtected": false},{"ObjectIdentifier": "ACTIVE.HTB-S-1-5-32-548", "Properties": {"domain": "ACTIVE.HTB", "domainsid": "S-1-5-21-405608879-3187717380-1996298813", "highvalue": true, "name": "ACCOUNT OPERATORS@ACTIVE.HTB", "distinguishedname": "CN=ACCOUNT OPERATORS,CN=BUILTIN,DC=ACTIVE,DC=HTB", "admincount": true, "description": "Members can administer domain user and group accounts", "samaccountname": "Account Operators", "whencreated": 1531939837}, "Members": [], "Aces": [{"RightName": "Owns", "IsInherited": false, "PrincipalSID": "S-1-5-21-405608879-3187717380-1996298813-512", "PrincipalType": "Group"}, {"RightName": "GenericWrite", "IsInherited": false, "PrincipalSID": "S-1-5-21-405608879-3187717380-1996298813-512", "PrincipalType": "Group"}, {"RightName": "WriteOwner", "IsInherited": false, "PrincipalSID": "S-1-5-21-405608879-3187717380-1996298813-512", "PrincipalType": "Group"}, {"RightName": "WriteDacl", "IsInherited": false, "PrincipalSID": "S-1-5-21-405608879-3187717380-1996298813-512", "PrincipalType": "Group"}, {"RightName": "GenericWrite", "IsInherited": false, "PrincipalSID": "S-1-5-21-405608879-3187717380-1996298813-519", "PrincipalType": "Group"}, {"RightName": "WriteOwner", "IsInherited": false, "PrincipalSID": "S-1-5-21-405608879-3187717380-1996298813-519", "PrincipalType": "Group"}, {"RightName": "WriteDacl", "IsInherited": false, "PrincipalSID": "S-1-5-21-405608879-3187717380-1996298813-519", "PrincipalType": "Group"}, {"RightName": "GenericWrite", "IsInherited": false, "PrincipalSID": "ACTIVE.HTB-S-1-5-32-544", "PrincipalType": "Group"}, {"RightName": "WriteOwner", "IsInherited": false, "PrincipalSID": "ACTIVE.HTB-S-1-5-32-544", "PrincipalType": "Group"}, {"RightName": "WriteDacl", "IsInherited": false, "PrincipalSID": "ACTIVE.HTB-S-1-5-32-544", "PrincipalType": "Group"}], "IsDeleted": false, "IsACLProtected": true},{"ObjectIdentifier": "ACTIVE.HTB-S-1-5-32-549", "Properties": {"domain": "ACTIVE.HTB", "domainsid": "S-1-5-21-405608879-3187717380-1996298813", "highvalue": true, "name": "SERVER OPERATORS@ACTIVE.HTB", "distinguishedname": "CN=SERVER OPERATORS,CN=BUILTIN,DC=ACTIVE,DC=HTB", "admincount": true, "description": "Members can administer domain servers", "samaccountname": "Server Operators", "whencreated": 1531939837}, "Members": [], "Aces": [{"RightName": "Owns", "IsInherited": false, "PrincipalSID": "S-1-5-21-405608879-3187717380-1996298813-512", "PrincipalType": "Group"}, {"RightName": "GenericWrite", "IsInherited": false, "PrincipalSID": "S-1-5-21-405608879-3187717380-1996298813-512", "PrincipalType": "Group"}, {"RightName": "WriteOwner", "IsInherited": false, "PrincipalSID": "S-1-5-21-405608879-3187717380-1996298813-512", "PrincipalType": "Group"}, {"RightName": "WriteDacl", "IsInherited": false, "PrincipalSID": "S-1-5-21-405608879-3187717380-1996298813-512", "PrincipalType": "Group"}, {"RightName": "GenericWrite", "IsInherited": false, "PrincipalSID": "S-1-5-21-405608879-3187717380-1996298813-519", "PrincipalType": "Group"}, {"RightName": "WriteOwner", "IsInherited": false, "PrincipalSID": "S-1-5-21-405608879-3187717380-1996298813-519", "PrincipalType": "Group"}, {"RightName": "WriteDacl", "IsInherited": false, "PrincipalSID": "S-1-5-21-405608879-3187717380-1996298813-519", "PrincipalType": "Group"}, {"RightName": "GenericWrite", "IsInherited": false, "PrincipalSID": "ACTIVE.HTB-S-1-5-32-544", "PrincipalType": "Group"}, {"RightName": "WriteOwner", "IsInherited": false, "PrincipalSID": "ACTIVE.HTB-S-1-5-32-544", "PrincipalType": "Group"}, {"RightName": "WriteDacl", "IsInherited": false, "PrincipalSID": "ACTIVE.HTB-S-1-5-32-544", "PrincipalType": "Group"}], "IsDeleted": false, "IsACLProtected": true},{"ObjectIdentifier": "S-1-5-21-405608879-3187717380-1996298813-553", "Properties": {"domain": "ACTIVE.HTB", "domainsid": "S-1-5-21-405608879-3187717380-1996298813", "highvalue": false, "name": "RAS AND IAS SERVERS@ACTIVE.HTB", "distinguishedname": "CN=RAS AND IAS SERVERS,CN=USERS,DC=ACTIVE,DC=HTB", "admincount": false, "description": "Servers in this group can access remote access properties of users", "samaccountname": "RAS and IAS Servers", "whencreated": 1531939837}, "Members": [], "Aces": [{"RightName": "Owns", "IsInherited": false, "PrincipalSID": "S-1-5-21-405608879-3187717380-1996298813-512", "PrincipalType": "Group"}, {"RightName": "GenericAll", "IsInherited": false, "PrincipalSID": "S-1-5-21-405608879-3187717380-1996298813-512", "PrincipalType": "Group"}, {"RightName": "GenericAll", "IsInherited": false, "PrincipalSID": "ACTIVE.HTB-S-1-5-32-548", "PrincipalType": "Group"}, {"RightName": "GenericWrite", "IsInherited": true, "PrincipalSID": "ACTIVE.HTB-S-1-5-32-544", "PrincipalType": "Group"}, {"RightName": "WriteOwner", "IsInherited": true, "PrincipalSID": "ACTIVE.HTB-S-1-5-32-544", "PrincipalType": "Group"}, {"RightName": "WriteDacl", "IsInherited": true, "PrincipalSID": "ACTIVE.HTB-S-1-5-32-544", "PrincipalType": "Group"}, {"RightName": "GenericAll", "IsInherited": true, "PrincipalSID": "S-1-5-21-405608879-3187717380-1996298813-519", "PrincipalType": "Group"}], "IsDeleted": false, "IsACLProtected": false},{"ObjectIdentifier": "S-1-5-21-405608879-3187717380-1996298813-520", "Properties": {"domain": "ACTIVE.HTB", "domainsid": "S-1-5-21-405608879-3187717380-1996298813", "highvalue": false, "name": "GROUP POLICY CREATOR OWNERS@ACTIVE.HTB", "distinguishedname": "CN=GROUP POLICY CREATOR OWNERS,CN=USERS,DC=ACTIVE,DC=HTB", "admincount": false, "description": "Members in this group can modify group policy for the domain", "samaccountname": "Group Policy Creator Owners", "whencreated": 1531939837}, "Members": [{"ObjectIdentifier": "S-1-5-21-405608879-3187717380-1996298813-500", "ObjectType": "User"}], "Aces": [{"RightName": "Owns", "IsInherited": false, "PrincipalSID": "S-1-5-21-405608879-3187717380-1996298813-512", "PrincipalType": "Group"}, {"RightName": "GenericAll", "IsInherited": false, "PrincipalSID": "S-1-5-21-405608879-3187717380-1996298813-512", "PrincipalType": "Group"}, {"RightName": "GenericAll", "IsInherited": false, "PrincipalSID": "ACTIVE.HTB-S-1-5-32-548", "PrincipalType": "Group"}, {"RightName": "GenericWrite", "IsInherited": true, "PrincipalSID": "ACTIVE.HTB-S-1-5-32-544", "PrincipalType": "Group"}, {"RightName": "WriteOwner", "IsInherited": true, "PrincipalSID": "ACTIVE.HTB-S-1-5-32-544", "PrincipalType": "Group"}, {"RightName": "WriteDacl", "IsInherited": true, "PrincipalSID": "ACTIVE.HTB-S-1-5-32-544", "PrincipalType": "Group"}, {"RightName": "GenericAll", "IsInherited": true, "PrincipalSID": "S-1-5-21-405608879-3187717380-1996298813-519", "PrincipalType": "Group"}], "IsDeleted": false, "IsACLProtected": false},{"ObjectIdentifier": "S-1-5-21-405608879-3187717380-1996298813-514", "Properties": {"domain": "ACTIVE.HTB", "domainsid": "S-1-5-21-405608879-3187717380-1996298813", "highvalue": false, "name": "DOMAIN GUESTS@ACTIVE.HTB", "distinguishedname": "CN=DOMAIN GUESTS,CN=USERS,DC=ACTIVE,DC=HTB", "admincount": false, "description": "All domain guests", "samaccountname": "Domain Guests", "whencreated": 1531939837}, "Members": [], "Aces": [{"RightName": "Owns", "IsInherited": false, "PrincipalSID": "S-1-5-21-405608879-3187717380-1996298813-512", "PrincipalType": "Group"}, {"RightName": "GenericAll", "IsInherited": false, "PrincipalSID": "S-1-5-21-405608879-3187717380-1996298813-512", "PrincipalType": "Group"}, {"RightName": "GenericAll", "IsInherited": false, "PrincipalSID": "ACTIVE.HTB-S-1-5-32-548", "PrincipalType": "Group"}, {"RightName": "GenericWrite", "IsInherited": true, "PrincipalSID": "ACTIVE.HTB-S-1-5-32-544", "PrincipalType": "Group"}, {"RightName": "WriteOwner", "IsInherited": true, "PrincipalSID": "ACTIVE.HTB-S-1-5-32-544", "PrincipalType": "Group"}, {"RightName": "WriteDacl", "IsInherited": true, "PrincipalSID": "ACTIVE.HTB-S-1-5-32-544", "PrincipalType": "Group"}, {"RightName": "GenericAll", "IsInherited": true, "PrincipalSID": "S-1-5-21-405608879-3187717380-1996298813-519", "PrincipalType": "Group"}], "IsDeleted": false, "IsACLProtected": false},{"ObjectIdentifier": "S-1-5-21-405608879-3187717380-1996298813-513", "Properties": {"domain": "ACTIVE.HTB", "domainsid": "S-1-5-21-405608879-3187717380-1996298813", "highvalue": false, "name": "DOMAIN USERS@ACTIVE.HTB", "distinguishedname": "CN=DOMAIN USERS,CN=USERS,DC=ACTIVE,DC=HTB", "admincount": false, "description": "All domain users", "samaccountname": "Domain Users", "whencreated": 1531939837}, "Members": [], "Aces": [{"RightName": "Owns", "IsInherited": false, "PrincipalSID": "S-1-5-21-405608879-3187717380-1996298813-512", "PrincipalType": "Group"}, {"RightName": "GenericAll", "IsInherited": false, "PrincipalSID": "S-1-5-21-405608879-3187717380-1996298813-512", "PrincipalType": "Group"}, {"RightName": "GenericAll", "IsInherited": false, "PrincipalSID": "ACTIVE.HTB-S-1-5-32-548", "PrincipalType": "Group"}, {"RightName": "GenericWrite", "IsInherited": true, "PrincipalSID": "ACTIVE.HTB-S-1-5-32-544", "PrincipalType": "Group"}, {"RightName": "WriteOwner", "IsInherited": true, "PrincipalSID": "ACTIVE.HTB-S-1-5-32-544", "PrincipalType": "Group"}, {"RightName": "WriteDacl", "IsInherited": true, "PrincipalSID": "ACTIVE.HTB-S-1-5-32-544", "PrincipalType": "Group"}, {"RightName": "GenericAll", "IsInherited": true, "PrincipalSID": "S-1-5-21-405608879-3187717380-1996298813-519", "PrincipalType": "Group"}], "IsDeleted": false, "IsACLProtected": false},{"ObjectIdentifier": "S-1-5-21-405608879-3187717380-1996298813-512", "Properties": {"domain": "ACTIVE.HTB", "domainsid": "S-1-5-21-405608879-3187717380-1996298813", "highvalue": true, "name": "DOMAIN ADMINS@ACTIVE.HTB", "distinguishedname": "CN=DOMAIN ADMINS,CN=USERS,DC=ACTIVE,DC=HTB", "admincount": true, "description": "Designated administrators of the domain", "samaccountname": "Domain Admins", "whencreated": 1531939837}, "Members": [{"ObjectIdentifier": "S-1-5-21-405608879-3187717380-1996298813-500", "ObjectType": "User"}], "Aces": [{"RightName": "Owns", "IsInherited": false, "PrincipalSID": "S-1-5-21-405608879-3187717380-1996298813-512", "PrincipalType": "Group"}, {"RightName": "GenericWrite", "IsInherited": false, "PrincipalSID": "S-1-5-21-405608879-3187717380-1996298813-512", "PrincipalType": "Group"}, {"RightName": "WriteOwner", "IsInherited": false, "PrincipalSID": "S-1-5-21-405608879-3187717380-1996298813-512", "PrincipalType": "Group"}, {"RightName": "WriteDacl", "IsInherited": false, "PrincipalSID": "S-1-5-21-405608879-3187717380-1996298813-512", "PrincipalType": "Group"}, {"RightName": "GenericWrite", "IsInherited": false, "PrincipalSID": "S-1-5-21-405608879-3187717380-1996298813-519", "PrincipalType": "Group"}, {"RightName": "WriteOwner", "IsInherited": false, "PrincipalSID": "S-1-5-21-405608879-3187717380-1996298813-519", "PrincipalType": "Group"}, {"RightName": "WriteDacl", "IsInherited": false, "PrincipalSID": "S-1-5-21-405608879-3187717380-1996298813-519", "PrincipalType": "Group"}, {"RightName": "GenericWrite", "IsInherited": false, "PrincipalSID": "ACTIVE.HTB-S-1-5-32-544", "PrincipalType": "Group"}, {"RightName": "WriteOwner", "IsInherited": false, "PrincipalSID": "ACTIVE.HTB-S-1-5-32-544", "PrincipalType": "Group"}, {"RightName": "WriteDacl", "IsInherited": false, "PrincipalSID": "ACTIVE.HTB-S-1-5-32-544", "PrincipalType": "Group"}], "IsDeleted": false, "IsACLProtected": true},{"ObjectIdentifier": "S-1-5-21-405608879-3187717380-1996298813-517", "Properties": {"domain": "ACTIVE.HTB", "domainsid": "S-1-5-21-405608879-3187717380-1996298813", "highvalue": false, "name": "CERT PUBLISHERS@ACTIVE.HTB", "distinguishedname": "CN=CERT PUBLISHERS,CN=USERS,DC=ACTIVE,DC=HTB", "admincount": false, "description": "Members of this group are permitted to publish certificates to the directory", "samaccountname": "Cert Publishers", "whencreated": 1531939837}, "Members": [], "Aces": [{"RightName": "Owns", "IsInherited": false, "PrincipalSID": "S-1-5-21-405608879-3187717380-1996298813-512", "PrincipalType": "Group"}, {"RightName": "GenericAll", "IsInherited": false, "PrincipalSID": "S-1-5-21-405608879-3187717380-1996298813-512", "PrincipalType": "Group"}, {"RightName": "GenericAll", "IsInherited": false, "PrincipalSID": "ACTIVE.HTB-S-1-5-32-548", "PrincipalType": "Group"}, {"RightName": "GenericWrite", "IsInherited": true, "PrincipalSID": "ACTIVE.HTB-S-1-5-32-544", "PrincipalType": "Group"}, {"RightName": "WriteOwner", "IsInherited": true, "PrincipalSID": "ACTIVE.HTB-S-1-5-32-544", "PrincipalType": "Group"}, {"RightName": "WriteDacl", "IsInherited": true, "PrincipalSID": "ACTIVE.HTB-S-1-5-32-544", "PrincipalType": "Group"}, {"RightName": "GenericAll", "IsInherited": true, "PrincipalSID": "S-1-5-21-405608879-3187717380-1996298813-519", "PrincipalType": "Group"}], "IsDeleted": false, "IsACLProtected": false},{"ObjectIdentifier": "S-1-5-21-405608879-3187717380-1996298813-519", "Properties": {"domain": "ACTIVE.HTB", "domainsid": "S-1-5-21-405608879-3187717380-1996298813", "highvalue": true, "name": "ENTERPRISE ADMINS@ACTIVE.HTB", "distinguishedname": "CN=ENTERPRISE ADMINS,CN=USERS,DC=ACTIVE,DC=HTB", "admincount": true, "description": "Designated administrators of the enterprise", "samaccountname": "Enterprise Admins", "whencreated": 1531939837}, "Members": [{"ObjectIdentifier": "S-1-5-21-405608879-3187717380-1996298813-500", "ObjectType": "User"}], "Aces": [{"RightName": "Owns", "IsInherited": false, "PrincipalSID": "S-1-5-21-405608879-3187717380-1996298813-512", "PrincipalType": "Group"}, {"RightName": "GenericWrite", "IsInherited": false, "PrincipalSID": "S-1-5-21-405608879-3187717380-1996298813-512", "PrincipalType": "Group"}, {"RightName": "WriteOwner", "IsInherited": false, "PrincipalSID": "S-1-5-21-405608879-3187717380-1996298813-512", "PrincipalType": "Group"}, {"RightName": "WriteDacl", "IsInherited": false, "PrincipalSID": "S-1-5-21-405608879-3187717380-1996298813-512", "PrincipalType": "Group"}, {"RightName": "GenericWrite", "IsInherited": false, "PrincipalSID": "S-1-5-21-405608879-3187717380-1996298813-519", "PrincipalType": "Group"}, {"RightName": "WriteOwner", "IsInherited": false, "PrincipalSID": "S-1-5-21-405608879-3187717380-1996298813-519", "PrincipalType": "Group"}, {"RightName": "WriteDacl", "IsInherited": false, "PrincipalSID": "S-1-5-21-405608879-3187717380-1996298813-519", "PrincipalType": "Group"}, {"RightName": "GenericWrite", "IsInherited": false, "PrincipalSID": "ACTIVE.HTB-S-1-5-32-544", "PrincipalType": "Group"}, {"RightName": "WriteOwner", "IsInherited": false, "PrincipalSID": "ACTIVE.HTB-S-1-5-32-544", "PrincipalType": "Group"}, {"RightName": "WriteDacl", "IsInherited": false, "PrincipalSID": "ACTIVE.HTB-S-1-5-32-544", "PrincipalType": "Group"}], "IsDeleted": false, "IsACLProtected": true},{"ObjectIdentifier": "S-1-5-21-405608879-3187717380-1996298813-518", "Properties": {"domain": "ACTIVE.HTB", "domainsid": "S-1-5-21-405608879-3187717380-1996298813", "highvalue": false, "name": "SCHEMA ADMINS@ACTIVE.HTB", "distinguishedname": "CN=SCHEMA ADMINS,CN=USERS,DC=ACTIVE,DC=HTB", "admincount": true, "description": "Designated administrators of the schema", "samaccountname": "Schema Admins", "whencreated": 1531939837}, "Members": [{"ObjectIdentifier": "S-1-5-21-405608879-3187717380-1996298813-500", "ObjectType": "User"}], "Aces": [{"RightName": "Owns", "IsInherited": false, "PrincipalSID": "S-1-5-21-405608879-3187717380-1996298813-512", "PrincipalType": "Group"}, {"RightName": "GenericWrite", "IsInherited": false, "PrincipalSID": "S-1-5-21-405608879-3187717380-1996298813-512", "PrincipalType": "Group"}, {"RightName": "WriteOwner", "IsInherited": false, "PrincipalSID": "S-1-5-21-405608879-3187717380-1996298813-512", "PrincipalType": "Group"}, {"RightName": "WriteDacl", "IsInherited": false, "PrincipalSID": "S-1-5-21-405608879-3187717380-1996298813-512", "PrincipalType": "Group"}, {"RightName": "GenericWrite", "IsInherited": false, "PrincipalSID": "S-1-5-21-405608879-3187717380-1996298813-519", "PrincipalType": "Group"}, {"RightName": "WriteOwner", "IsInherited": false, "PrincipalSID": "S-1-5-21-405608879-3187717380-1996298813-519", "PrincipalType": "Group"}, {"RightName": "WriteDacl", "IsInherited": false, "PrincipalSID": "S-1-5-21-405608879-3187717380-1996298813-519", "PrincipalType": "Group"}, {"RightName": "GenericWrite", "IsInherited": false, "PrincipalSID": "ACTIVE.HTB-S-1-5-32-544", "PrincipalType": "Group"}, {"RightName": "WriteOwner", "IsInherited": false, "PrincipalSID": "ACTIVE.HTB-S-1-5-32-544", "PrincipalType": "Group"}, {"RightName": "WriteDacl", "IsInherited": false, "PrincipalSID": "ACTIVE.HTB-S-1-5-32-544", "PrincipalType": "Group"}], "IsDeleted": false, "IsACLProtected": true},{"ObjectIdentifier": "S-1-5-21-405608879-3187717380-1996298813-516", "Properties": {"domain": "ACTIVE.HTB", "domainsid": "S-1-5-21-405608879-3187717380-1996298813", "highvalue": true, "name": "DOMAIN CONTROLLERS@ACTIVE.HTB", "distinguishedname": "CN=DOMAIN CONTROLLERS,CN=USERS,DC=ACTIVE,DC=HTB", "admincount": true, "description": "All domain controllers in the domain", "samaccountname": "Domain Controllers", "whencreated": 1531939837}, "Members": [], "Aces": [{"RightName": "Owns", "IsInherited": false, "PrincipalSID": "S-1-5-21-405608879-3187717380-1996298813-512", "PrincipalType": "Group"}, {"RightName": "GenericWrite", "IsInherited": false, "PrincipalSID": "S-1-5-21-405608879-3187717380-1996298813-512", "PrincipalType": "Group"}, {"RightName": "WriteOwner", "IsInherited": false, "PrincipalSID": "S-1-5-21-405608879-3187717380-1996298813-512", "PrincipalType": "Group"}, {"RightName": "WriteDacl", "IsInherited": false, "PrincipalSID": "S-1-5-21-405608879-3187717380-1996298813-512", "PrincipalType": "Group"}, {"RightName": "GenericWrite", "IsInherited": false, "PrincipalSID": "S-1-5-21-405608879-3187717380-1996298813-519", "PrincipalType": "Group"}, {"RightName": "WriteOwner", "IsInherited": false, "PrincipalSID": "S-1-5-21-405608879-3187717380-1996298813-519", "PrincipalType": "Group"}, {"RightName": "WriteDacl", "IsInherited": false, "PrincipalSID": "S-1-5-21-405608879-3187717380-1996298813-519", "PrincipalType": "Group"}, {"RightName": "GenericWrite", "IsInherited": false, "PrincipalSID": "ACTIVE.HTB-S-1-5-32-544", "PrincipalType": "Group"}, {"RightName": "WriteOwner", "IsInherited": false, "PrincipalSID": "ACTIVE.HTB-S-1-5-32-544", "PrincipalType": "Group"}, {"RightName": "WriteDacl", "IsInherited": false, "PrincipalSID": "ACTIVE.HTB-S-1-5-32-544", "PrincipalType": "Group"}], "IsDeleted": false, "IsACLProtected": true},{"ObjectIdentifier": "S-1-5-21-405608879-3187717380-1996298813-515", "Properties": {"domain": "ACTIVE.HTB", "domainsid": "S-1-5-21-405608879-3187717380-1996298813", "highvalue": false, "name": "DOMAIN COMPUTERS@ACTIVE.HTB", "distinguishedname": "CN=DOMAIN COMPUTERS,CN=USERS,DC=ACTIVE,DC=HTB", "admincount": false, "description": "All workstations and servers joined to the domain", "samaccountname": "Domain Computers", "whencreated": 1531939837}, "Members": [], "Aces": [{"RightName": "Owns", "IsInherited": false, "PrincipalSID": "S-1-5-21-405608879-3187717380-1996298813-512", "PrincipalType": "Group"}, {"RightName": "GenericAll", "IsInherited": false, "PrincipalSID": "S-1-5-21-405608879-3187717380-1996298813-512", "PrincipalType": "Group"}, {"RightName": "GenericAll", "IsInherited": false, "PrincipalSID": "ACTIVE.HTB-S-1-5-32-548", "PrincipalType": "Group"}, {"RightName": "GenericWrite", "IsInherited": true, "PrincipalSID": "ACTIVE.HTB-S-1-5-32-544", "PrincipalType": "Group"}, {"RightName": "WriteOwner", "IsInherited": true, "PrincipalSID": "ACTIVE.HTB-S-1-5-32-544", "PrincipalType": "Group"}, {"RightName": "WriteDacl", "IsInherited": true, "PrincipalSID": "ACTIVE.HTB-S-1-5-32-544", "PrincipalType": "Group"}, {"RightName": "GenericAll", "IsInherited": true, "PrincipalSID": "S-1-5-21-405608879-3187717380-1996298813-519", "PrincipalType": "Group"}], "IsDeleted": false, "IsACLProtected": false},{"ObjectIdentifier": "ACTIVE.HTB-S-1-5-32-574", "Properties": {"domain": "ACTIVE.HTB", "domainsid": "S-1-5-21-405608879-3187717380-1996298813", "highvalue": false, "name": "CERTIFICATE SERVICE DCOM ACCESS@ACTIVE.HTB", "distinguishedname": "CN=CERTIFICATE SERVICE DCOM ACCESS,CN=BUILTIN,DC=ACTIVE,DC=HTB", "admincount": false, "description": "Members of this group are allowed to connect to Certification Authorities in the enterprise", "samaccountname": "Certificate Service DCOM Access", "whencreated": 1531939751}, "Members": [], "Aces": [{"RightName": "Owns", "IsInherited": false, "PrincipalSID": "ACTIVE.HTB-S-1-5-32-544", "PrincipalType": "Group"}, {"RightName": "GenericAll", "IsInherited": false, "PrincipalSID": "S-1-5-21-405608879-3187717380-1996298813-512", "PrincipalType": "Group"}, {"RightName": "GenericAll", "IsInherited": false, "PrincipalSID": "ACTIVE.HTB-S-1-5-32-548", "PrincipalType": "Group"}, {"RightName": "GenericAll", "IsInherited": true, "PrincipalSID": "S-1-5-21-405608879-3187717380-1996298813-519", "PrincipalType": "Group"}, {"RightName": "GenericWrite", "IsInherited": true, "PrincipalSID": "ACTIVE.HTB-S-1-5-32-544", "PrincipalType": "Group"}, {"RightName": "WriteOwner", "IsInherited": true, "PrincipalSID": "ACTIVE.HTB-S-1-5-32-544", "PrincipalType": "Group"}, {"RightName": "WriteDacl", "IsInherited": true, "PrincipalSID": "ACTIVE.HTB-S-1-5-32-544", "PrincipalType": "Group"}], "IsDeleted": false, "IsACLProtected": false},{"ObjectIdentifier": "ACTIVE.HTB-S-1-5-32-573", "Properties": {"domain": "ACTIVE.HTB", "domainsid": "S-1-5-21-405608879-3187717380-1996298813", "highvalue": false, "name": "EVENT LOG READERS@ACTIVE.HTB", "distinguishedname": "CN=EVENT LOG READERS,CN=BUILTIN,DC=ACTIVE,DC=HTB", "admincount": false, "description": "Members of this group can read event logs from local machine", "samaccountname": "Event Log Readers", "whencreated": 1531939751}, "Members": [], "Aces": [{"RightName": "Owns", "IsInherited": false, "PrincipalSID": "ACTIVE.HTB-S-1-5-32-544", "PrincipalType": "Group"}, {"RightName": "GenericAll", "IsInherited": false, "PrincipalSID": "S-1-5-21-405608879-3187717380-1996298813-512", "PrincipalType": "Group"}, {"RightName": "GenericAll", "IsInherited": false, "PrincipalSID": "ACTIVE.HTB-S-1-5-32-548", "PrincipalType": "Group"}, {"RightName": "GenericAll", "IsInherited": true, "PrincipalSID": "S-1-5-21-405608879-3187717380-1996298813-519", "PrincipalType": "Group"}, {"RightName": "GenericWrite", "IsInherited": true, "PrincipalSID": "ACTIVE.HTB-S-1-5-32-544", "PrincipalType": "Group"}, {"RightName": "WriteOwner", "IsInherited": true, "PrincipalSID": "ACTIVE.HTB-S-1-5-32-544", "PrincipalType": "Group"}, {"RightName": "WriteDacl", "IsInherited": true, "PrincipalSID": "ACTIVE.HTB-S-1-5-32-544", "PrincipalType": "Group"}], "IsDeleted": false, "IsACLProtected": false},{"ObjectIdentifier": "ACTIVE.HTB-S-1-5-32-569", "Properties": {"domain": "ACTIVE.HTB", "domainsid": "S-1-5-21-405608879-3187717380-1996298813", "highvalue": false, "name": "CRYPTOGRAPHIC OPERATORS@ACTIVE.HTB", "distinguishedname": "CN=CRYPTOGRAPHIC OPERATORS,CN=BUILTIN,DC=ACTIVE,DC=HTB", "admincount": false, "description": "Members are authorized to perform cryptographic operations.", "samaccountname": "Cryptographic Operators", "whencreated": 1531939751}, "Members": [], "Aces": [{"RightName": "Owns", "IsInherited": false, "PrincipalSID": "ACTIVE.HTB-S-1-5-32-544", "PrincipalType": "Group"}, {"RightName": "GenericAll", "IsInherited": false, "PrincipalSID": "S-1-5-21-405608879-3187717380-1996298813-512", "PrincipalType": "Group"}, {"RightName": "GenericAll", "IsInherited": false, "PrincipalSID": "ACTIVE.HTB-S-1-5-32-548", "PrincipalType": "Group"}, {"RightName": "GenericAll", "IsInherited": true, "PrincipalSID": "S-1-5-21-405608879-3187717380-1996298813-519", "PrincipalType": "Group"}, {"RightName": "GenericWrite", "IsInherited": true, "PrincipalSID": "ACTIVE.HTB-S-1-5-32-544", "PrincipalType": "Group"}, {"RightName": "WriteOwner", "IsInherited": true, "PrincipalSID": "ACTIVE.HTB-S-1-5-32-544", "PrincipalType": "Group"}, {"RightName": "WriteDacl", "IsInherited": true, "PrincipalSID": "ACTIVE.HTB-S-1-5-32-544", "PrincipalType": "Group"}], "IsDeleted": false, "IsACLProtected": false},{"ObjectIdentifier": "ACTIVE.HTB-S-1-5-32-568", "Properties": {"domain": "ACTIVE.HTB", "domainsid": "S-1-5-21-405608879-3187717380-1996298813", "highvalue": false, "name": "IIS_IUSRS@ACTIVE.HTB", "distinguishedname": "CN=IIS_IUSRS,CN=BUILTIN,DC=ACTIVE,DC=HTB", "admincount": false, "description": "Built-in group used by Internet Information Services.", "samaccountname": "IIS_IUSRS", "whencreated": 1531939751}, "Members": [{"ObjectIdentifier": "ACTIVE.HTB-S-1-5-17", "ObjectType": "User"}], "Aces": [{"RightName": "Owns", "IsInherited": false, "PrincipalSID": "ACTIVE.HTB-S-1-5-32-544", "PrincipalType": "Group"}, {"RightName": "GenericAll", "IsInherited": false, "PrincipalSID": "S-1-5-21-405608879-3187717380-1996298813-512", "PrincipalType": "Group"}, {"RightName": "GenericAll", "IsInherited": false, "PrincipalSID": "ACTIVE.HTB-S-1-5-32-548", "PrincipalType": "Group"}, {"RightName": "GenericAll", "IsInherited": true, "PrincipalSID": "S-1-5-21-405608879-3187717380-1996298813-519", "PrincipalType": "Group"}, {"RightName": "GenericWrite", "IsInherited": true, "PrincipalSID": "ACTIVE.HTB-S-1-5-32-544", "PrincipalType": "Group"}, {"RightName": "WriteOwner", "IsInherited": true, "PrincipalSID": "ACTIVE.HTB-S-1-5-32-544", "PrincipalType": "Group"}, {"RightName": "WriteDacl", "IsInherited": true, "PrincipalSID": "ACTIVE.HTB-S-1-5-32-544", "PrincipalType": "Group"}], "IsDeleted": false, "IsACLProtected": false},{"ObjectIdentifier": "ACTIVE.HTB-S-1-5-32-562", "Properties": {"domain": "ACTIVE.HTB", "domainsid": "S-1-5-21-405608879-3187717380-1996298813", "highvalue": false, "name": "DISTRIBUTED COM USERS@ACTIVE.HTB", "distinguishedname": "CN=DISTRIBUTED COM USERS,CN=BUILTIN,DC=ACTIVE,DC=HTB", "admincount": false, "description": "Members are allowed to launch, activate and use Distributed COM objects on this machine.", "samaccountname": "Distributed COM Users", "whencreated": 1531939751}, "Members": [], "Aces": [{"RightName": "Owns", "IsInherited": false, "PrincipalSID": "ACTIVE.HTB-S-1-5-32-544", "PrincipalType": "Group"}, {"RightName": "GenericAll", "IsInherited": false, "PrincipalSID": "S-1-5-21-405608879-3187717380-1996298813-512", "PrincipalType": "Group"}, {"RightName": "GenericAll", "IsInherited": false, "PrincipalSID": "ACTIVE.HTB-S-1-5-32-548", "PrincipalType": "Group"}, {"RightName": "GenericAll", "IsInherited": true, "PrincipalSID": "S-1-5-21-405608879-3187717380-1996298813-519", "PrincipalType": "Group"}, {"RightName": "GenericWrite", "IsInherited": true, "PrincipalSID": "ACTIVE.HTB-S-1-5-32-544", "PrincipalType": "Group"}, {"RightName": "WriteOwner", "IsInherited": true, "PrincipalSID": "ACTIVE.HTB-S-1-5-32-544", "PrincipalType": "Group"}, {"RightName": "WriteDacl", "IsInherited": true, "PrincipalSID": "ACTIVE.HTB-S-1-5-32-544", "PrincipalType": "Group"}], "IsDeleted": false, "IsACLProtected": false},{"ObjectIdentifier": "ACTIVE.HTB-S-1-5-32-559", "Properties": {"domain": "ACTIVE.HTB", "domainsid": "S-1-5-21-405608879-3187717380-1996298813", "highvalue": false, "name": "PERFORMANCE LOG USERS@ACTIVE.HTB", "distinguishedname": "CN=PERFORMANCE LOG USERS,CN=BUILTIN,DC=ACTIVE,DC=HTB", "admincount": false, "description": "Members of this group may schedule logging of performance counters, enable trace providers, and collect event traces both locally and via remote access to this computer", "samaccountname": "Performance Log Users", "whencreated": 1531939751}, "Members": [], "Aces": [{"RightName": "Owns", "IsInherited": false, "PrincipalSID": "ACTIVE.HTB-S-1-5-32-544", "PrincipalType": "Group"}, {"RightName": "GenericAll", "IsInherited": false, "PrincipalSID": "S-1-5-21-405608879-3187717380-1996298813-512", "PrincipalType": "Group"}, {"RightName": "GenericAll", "IsInherited": false, "PrincipalSID": "ACTIVE.HTB-S-1-5-32-548", "PrincipalType": "Group"}, {"RightName": "GenericAll", "IsInherited": true, "PrincipalSID": "S-1-5-21-405608879-3187717380-1996298813-519", "PrincipalType": "Group"}, {"RightName": "GenericWrite", "IsInherited": true, "PrincipalSID": "ACTIVE.HTB-S-1-5-32-544", "PrincipalType": "Group"}, {"RightName": "WriteOwner", "IsInherited": true, "PrincipalSID": "ACTIVE.HTB-S-1-5-32-544", "PrincipalType": "Group"}, {"RightName": "WriteDacl", "IsInherited": true, "PrincipalSID": "ACTIVE.HTB-S-1-5-32-544", "PrincipalType": "Group"}], "IsDeleted": false, "IsACLProtected": false},{"ObjectIdentifier": "ACTIVE.HTB-S-1-5-32-558", "Properties": {"domain": "ACTIVE.HTB", "domainsid": "S-1-5-21-405608879-3187717380-1996298813", "highvalue": false, "name": "PERFORMANCE MONITOR USERS@ACTIVE.HTB", "distinguishedname": "CN=PERFORMANCE MONITOR USERS,CN=BUILTIN,DC=ACTIVE,DC=HTB", "admincount": false, "description": "Members of this group can access performance counter data locally and remotely", "samaccountname": "Performance Monitor Users", "whencreated": 1531939751}, "Members": [], "Aces": [{"RightName": "Owns", "IsInherited": false, "PrincipalSID": "ACTIVE.HTB-S-1-5-32-544", "PrincipalType": "Group"}, {"RightName": "GenericAll", "IsInherited": false, "PrincipalSID": "S-1-5-21-405608879-3187717380-1996298813-512", "PrincipalType": "Group"}, {"RightName": "GenericAll", "IsInherited": false, "PrincipalSID": "ACTIVE.HTB-S-1-5-32-548", "PrincipalType": "Group"}, {"RightName": "GenericAll", "IsInherited": true, "PrincipalSID": "S-1-5-21-405608879-3187717380-1996298813-519", "PrincipalType": "Group"}, {"RightName": "GenericWrite", "IsInherited": true, "PrincipalSID": "ACTIVE.HTB-S-1-5-32-544", "PrincipalType": "Group"}, {"RightName": "WriteOwner", "IsInherited": true, "PrincipalSID": "ACTIVE.HTB-S-1-5-32-544", "PrincipalType": "Group"}, {"RightName": "WriteDacl", "IsInherited": true, "PrincipalSID": "ACTIVE.HTB-S-1-5-32-544", "PrincipalType": "Group"}], "IsDeleted": false, "IsACLProtected": false},{"ObjectIdentifier": "ACTIVE.HTB-S-1-5-32-556", "Properties": {"domain": "ACTIVE.HTB", "domainsid": "S-1-5-21-405608879-3187717380-1996298813", "highvalue": false, "name": "NETWORK CONFIGURATION OPERATORS@ACTIVE.HTB", "distinguishedname": "CN=NETWORK CONFIGURATION OPERATORS,CN=BUILTIN,DC=ACTIVE,DC=HTB", "admincount": false, "description": "Members in this group can have some administrative privileges to manage configuration of networking features", "samaccountname": "Network Configuration Operators", "whencreated": 1531939751}, "Members": [], "Aces": [{"RightName": "Owns", "IsInherited": false, "PrincipalSID": "ACTIVE.HTB-S-1-5-32-544", "PrincipalType": "Group"}, {"RightName": "GenericAll", "IsInherited": false, "PrincipalSID": "S-1-5-21-405608879-3187717380-1996298813-512", "PrincipalType": "Group"}, {"RightName": "GenericAll", "IsInherited": false, "PrincipalSID": "ACTIVE.HTB-S-1-5-32-548", "PrincipalType": "Group"}, {"RightName": "GenericAll", "IsInherited": true, "PrincipalSID": "S-1-5-21-405608879-3187717380-1996298813-519", "PrincipalType": "Group"}, {"RightName": "GenericWrite", "IsInherited": true, "PrincipalSID": "ACTIVE.HTB-S-1-5-32-544", "PrincipalType": "Group"}, {"RightName": "WriteOwner", "IsInherited": true, "PrincipalSID": "ACTIVE.HTB-S-1-5-32-544", "PrincipalType": "Group"}, {"RightName": "WriteDacl", "IsInherited": true, "PrincipalSID": "ACTIVE.HTB-S-1-5-32-544", "PrincipalType": "Group"}], "IsDeleted": false, "IsACLProtected": false},{"ObjectIdentifier": "ACTIVE.HTB-S-1-5-32-555", "Properties": {"domain": "ACTIVE.HTB", "domainsid": "S-1-5-21-405608879-3187717380-1996298813", "highvalue": false, "name": "REMOTE DESKTOP USERS@ACTIVE.HTB", "distinguishedname": "CN=REMOTE DESKTOP USERS,CN=BUILTIN,DC=ACTIVE,DC=HTB", "admincount": false, "description": "Members in this group are granted the right to logon remotely", "samaccountname": "Remote Desktop Users", "whencreated": 1531939751}, "Members": [], "Aces": [{"RightName": "Owns", "IsInherited": false, "PrincipalSID": "ACTIVE.HTB-S-1-5-32-544", "PrincipalType": "Group"}, {"RightName": "GenericAll", "IsInherited": false, "PrincipalSID": "S-1-5-21-405608879-3187717380-1996298813-512", "PrincipalType": "Group"}, {"RightName": "GenericAll", "IsInherited": false, "PrincipalSID": "ACTIVE.HTB-S-1-5-32-548", "PrincipalType": "Group"}, {"RightName": "GenericAll", "IsInherited": true, "PrincipalSID": "S-1-5-21-405608879-3187717380-1996298813-519", "PrincipalType": "Group"}, {"RightName": "GenericWrite", "IsInherited": true, "PrincipalSID": "ACTIVE.HTB-S-1-5-32-544", "PrincipalType": "Group"}, {"RightName": "WriteOwner", "IsInherited": true, "PrincipalSID": "ACTIVE.HTB-S-1-5-32-544", "PrincipalType": "Group"}, {"RightName": "WriteDacl", "IsInherited": true, "PrincipalSID": "ACTIVE.HTB-S-1-5-32-544", "PrincipalType": "Group"}], "IsDeleted": false, "IsACLProtected": false},{"ObjectIdentifier": "ACTIVE.HTB-S-1-5-32-551", "Properties": {"domain": "ACTIVE.HTB", "domainsid": "S-1-5-21-405608879-3187717380-1996298813", "highvalue": true, "name": "BACKUP OPERATORS@ACTIVE.HTB", "distinguishedname": "CN=BACKUP OPERATORS,CN=BUILTIN,DC=ACTIVE,DC=HTB", "admincount": true, "description": "Backup Operators can override security restrictions for the sole purpose of backing up or restoring files", "samaccountname": "Backup Operators", "whencreated": 1531939751}, "Members": [], "Aces": [{"RightName": "Owns", "IsInherited": false, "PrincipalSID": "S-1-5-21-405608879-3187717380-1996298813-512", "PrincipalType": "Group"}, {"RightName": "GenericWrite", "IsInherited": false, "PrincipalSID": "S-1-5-21-405608879-3187717380-1996298813-512", "PrincipalType": "Group"}, {"RightName": "WriteOwner", "IsInherited": false, "PrincipalSID": "S-1-5-21-405608879-3187717380-1996298813-512", "PrincipalType": "Group"}, {"RightName": "WriteDacl", "IsInherited": false, "PrincipalSID": "S-1-5-21-405608879-3187717380-1996298813-512", "PrincipalType": "Group"}, {"RightName": "GenericWrite", "IsInherited": false, "PrincipalSID": "S-1-5-21-405608879-3187717380-1996298813-519", "PrincipalType": "Group"}, {"RightName": "WriteOwner", "IsInherited": false, "PrincipalSID": "S-1-5-21-405608879-3187717380-1996298813-519", "PrincipalType": "Group"}, {"RightName": "WriteDacl", "IsInherited": false, "PrincipalSID": "S-1-5-21-405608879-3187717380-1996298813-519", "PrincipalType": "Group"}, {"RightName": "GenericWrite", "IsInherited": false, "PrincipalSID": "ACTIVE.HTB-S-1-5-32-544", "PrincipalType": "Group"}, {"RightName": "WriteOwner", "IsInherited": false, "PrincipalSID": "ACTIVE.HTB-S-1-5-32-544", "PrincipalType": "Group"}, {"RightName": "WriteDacl", "IsInherited": false, "PrincipalSID": "ACTIVE.HTB-S-1-5-32-544", "PrincipalType": "Group"}], "IsDeleted": false, "IsACLProtected": true},{"ObjectIdentifier": "ACTIVE.HTB-S-1-5-32-552", "Properties": {"domain": "ACTIVE.HTB", "domainsid": "S-1-5-21-405608879-3187717380-1996298813", "highvalue": false, "name": "REPLICATOR@ACTIVE.HTB", "distinguishedname": "CN=REPLICATOR,CN=BUILTIN,DC=ACTIVE,DC=HTB", "admincount": true, "description": "Supports file replication in a domain", "samaccountname": "Replicator", "whencreated": 1531939751}, "Members": [], "Aces": [{"RightName": "Owns", "IsInherited": false, "PrincipalSID": "S-1-5-21-405608879-3187717380-1996298813-512", "PrincipalType": "Group"}, {"RightName": "GenericWrite", "IsInherited": false, "PrincipalSID": "S-1-5-21-405608879-3187717380-1996298813-512", "PrincipalType": "Group"}, {"RightName": "WriteOwner", "IsInherited": false, "PrincipalSID": "S-1-5-21-405608879-3187717380-1996298813-512", "PrincipalType": "Group"}, {"RightName": "WriteDacl", "IsInherited": false, "PrincipalSID": "S-1-5-21-405608879-3187717380-1996298813-512", "PrincipalType": "Group"}, {"RightName": "GenericWrite", "IsInherited": false, "PrincipalSID": "S-1-5-21-405608879-3187717380-1996298813-519", "PrincipalType": "Group"}, {"RightName": "WriteOwner", "IsInherited": false, "PrincipalSID": "S-1-5-21-405608879-3187717380-1996298813-519", "PrincipalType": "Group"}, {"RightName": "WriteDacl", "IsInherited": false, "PrincipalSID": "S-1-5-21-405608879-3187717380-1996298813-519", "PrincipalType": "Group"}, {"RightName": "GenericWrite", "IsInherited": false, "PrincipalSID": "ACTIVE.HTB-S-1-5-32-544", "PrincipalType": "Group"}, {"RightName": "WriteOwner", "IsInherited": false, "PrincipalSID": "ACTIVE.HTB-S-1-5-32-544", "PrincipalType": "Group"}, {"RightName": "WriteDacl", "IsInherited": false, "PrincipalSID": "ACTIVE.HTB-S-1-5-32-544", "PrincipalType": "Group"}], "IsDeleted": false, "IsACLProtected": true},{"ObjectIdentifier": "ACTIVE.HTB-S-1-5-32-550", "Properties": {"domain": "ACTIVE.HTB", "domainsid": "S-1-5-21-405608879-3187717380-1996298813", "highvalue": true, "name": "PRINT OPERATORS@ACTIVE.HTB", "distinguishedname": "CN=PRINT OPERATORS,CN=BUILTIN,DC=ACTIVE,DC=HTB", "admincount": true, "description": "Members can administer domain printers", "samaccountname": "Print Operators", "whencreated": 1531939751}, "Members": [], "Aces": [{"RightName": "Owns", "IsInherited": false, "PrincipalSID": "S-1-5-21-405608879-3187717380-1996298813-512", "PrincipalType": "Group"}, {"RightName": "GenericWrite", "IsInherited": false, "PrincipalSID": "S-1-5-21-405608879-3187717380-1996298813-512", "PrincipalType": "Group"}, {"RightName": "WriteOwner", "IsInherited": false, "PrincipalSID": "S-1-5-21-405608879-3187717380-1996298813-512", "PrincipalType": "Group"}, {"RightName": "WriteDacl", "IsInherited": false, "PrincipalSID": "S-1-5-21-405608879-3187717380-1996298813-512", "PrincipalType": "Group"}, {"RightName": "GenericWrite", "IsInherited": false, "PrincipalSID": "S-1-5-21-405608879-3187717380-1996298813-519", "PrincipalType": "Group"}, {"RightName": "WriteOwner", "IsInherited": false, "PrincipalSID": "S-1-5-21-405608879-3187717380-1996298813-519", "PrincipalType": "Group"}, {"RightName": "WriteDacl", "IsInherited": false, "PrincipalSID": "S-1-5-21-405608879-3187717380-1996298813-519", "PrincipalType": "Group"}, {"RightName": "GenericWrite", "IsInherited": false, "PrincipalSID": "ACTIVE.HTB-S-1-5-32-544", "PrincipalType": "Group"}, {"RightName": "WriteOwner", "IsInherited": false, "PrincipalSID": "ACTIVE.HTB-S-1-5-32-544", "PrincipalType": "Group"}, {"RightName": "WriteDacl", "IsInherited": false, "PrincipalSID": "ACTIVE.HTB-S-1-5-32-544", "PrincipalType": "Group"}], "IsDeleted": false, "IsACLProtected": true},{"ObjectIdentifier": "ACTIVE.HTB-S-1-5-32-546", "Properties": {"domain": "ACTIVE.HTB", "domainsid": "S-1-5-21-405608879-3187717380-1996298813", "highvalue": false, "name": "GUESTS@ACTIVE.HTB", "distinguishedname": "CN=GUESTS,CN=BUILTIN,DC=ACTIVE,DC=HTB", "admincount": false, "description": "Guests have the same access as members of the Users group by default, except for the Guest account which is further restricted", "samaccountname": "Guests", "whencreated": 1531939751}, "Members": [{"ObjectIdentifier": "S-1-5-21-405608879-3187717380-1996298813-514", "ObjectType": "Group"}, {"ObjectIdentifier": "S-1-5-21-405608879-3187717380-1996298813-501", "ObjectType": "User"}], "Aces": [{"RightName": "Owns", "IsInherited": false, "PrincipalSID": "ACTIVE.HTB-S-1-5-32-544", "PrincipalType": "Group"}, {"RightName": "GenericAll", "IsInherited": false, "PrincipalSID": "S-1-5-21-405608879-3187717380-1996298813-512", "PrincipalType": "Group"}, {"RightName": "GenericAll", "IsInherited": false, "PrincipalSID": "ACTIVE.HTB-S-1-5-32-548", "PrincipalType": "Group"}, {"RightName": "GenericAll", "IsInherited": true, "PrincipalSID": "S-1-5-21-405608879-3187717380-1996298813-519", "PrincipalType": "Group"}, {"RightName": "GenericWrite", "IsInherited": true, "PrincipalSID": "ACTIVE.HTB-S-1-5-32-544", "PrincipalType": "Group"}, {"RightName": "WriteOwner", "IsInherited": true, "PrincipalSID": "ACTIVE.HTB-S-1-5-32-544", "PrincipalType": "Group"}, {"RightName": "WriteDacl", "IsInherited": true, "PrincipalSID": "ACTIVE.HTB-S-1-5-32-544", "PrincipalType": "Group"}], "IsDeleted": false, "IsACLProtected": false},{"ObjectIdentifier": "ACTIVE.HTB-S-1-5-32-545", "Properties": {"domain": "ACTIVE.HTB", "domainsid": "S-1-5-21-405608879-3187717380-1996298813", "highvalue": false, "name": "USERS@ACTIVE.HTB", "distinguishedname": "CN=USERS,CN=BUILTIN,DC=ACTIVE,DC=HTB", "admincount": false, "description": "Users are prevented from making accidental or intentional system-wide changes and can run most applications", "samaccountname": "Users", "whencreated": 1531939751}, "Members": [{"ObjectIdentifier": "S-1-5-21-405608879-3187717380-1996298813-513", "ObjectType": "Group"}, {"ObjectIdentifier": "ACTIVE.HTB-S-1-5-11", "ObjectType": "Group"}, {"ObjectIdentifier": "ACTIVE.HTB-S-1-5-4", "ObjectType": "Group"}], "Aces": [{"RightName": "Owns", "IsInherited": false, "PrincipalSID": "ACTIVE.HTB-S-1-5-32-544", "PrincipalType": "Group"}, {"RightName": "GenericAll", "IsInherited": false, "PrincipalSID": "S-1-5-21-405608879-3187717380-1996298813-512", "PrincipalType": "Group"}, {"RightName": "GenericAll", "IsInherited": false, "PrincipalSID": "ACTIVE.HTB-S-1-5-32-548", "PrincipalType": "Group"}, {"RightName": "GenericAll", "IsInherited": true, "PrincipalSID": "S-1-5-21-405608879-3187717380-1996298813-519", "PrincipalType": "Group"}, {"RightName": "GenericWrite", "IsInherited": true, "PrincipalSID": "ACTIVE.HTB-S-1-5-32-544", "PrincipalType": "Group"}, {"RightName": "WriteOwner", "IsInherited": true, "PrincipalSID": "ACTIVE.HTB-S-1-5-32-544", "PrincipalType": "Group"}, {"RightName": "WriteDacl", "IsInherited": true, "PrincipalSID": "ACTIVE.HTB-S-1-5-32-544", "PrincipalType": "Group"}], "IsDeleted": false, "IsACLProtected": false},{"ObjectIdentifier": "ACTIVE.HTB-S-1-5-32-544", "Properties": {"domain": "ACTIVE.HTB", "domainsid": "S-1-5-21-405608879-3187717380-1996298813", "highvalue": true, "name": "ADMINISTRATORS@ACTIVE.HTB", "distinguishedname": "CN=ADMINISTRATORS,CN=BUILTIN,DC=ACTIVE,DC=HTB", "admincount": true, "description": "Administrators have complete and unrestricted access to the computer/domain", "samaccountname": "Administrators", "whencreated": 1531939751}, "Members": [{"ObjectIdentifier": "S-1-5-21-405608879-3187717380-1996298813-512", "ObjectType": "Group"}, {"ObjectIdentifier": "S-1-5-21-405608879-3187717380-1996298813-519", "ObjectType": "Group"}, {"ObjectIdentifier": "S-1-5-21-405608879-3187717380-1996298813-500", "ObjectType": "User"}], "Aces": [{"RightName": "Owns", "IsInherited": false, "PrincipalSID": "S-1-5-21-405608879-3187717380-1996298813-512", "PrincipalType": "Group"}, {"RightName": "GenericWrite", "IsInherited": false, "PrincipalSID": "S-1-5-21-405608879-3187717380-1996298813-512", "PrincipalType": "Group"}, {"RightName": "WriteOwner", "IsInherited": false, "PrincipalSID": "S-1-5-21-405608879-3187717380-1996298813-512", "PrincipalType": "Group"}, {"RightName": "WriteDacl", "IsInherited": false, "PrincipalSID": "S-1-5-21-405608879-3187717380-1996298813-512", "PrincipalType": "Group"}, {"RightName": "GenericWrite", "IsInherited": false, "PrincipalSID": "S-1-5-21-405608879-3187717380-1996298813-519", "PrincipalType": "Group"}, {"RightName": "WriteOwner", "IsInherited": false, "PrincipalSID": "S-1-5-21-405608879-3187717380-1996298813-519", "PrincipalType": "Group"}, {"RightName": "WriteDacl", "IsInherited": false, "PrincipalSID": "S-1-5-21-405608879-3187717380-1996298813-519", "PrincipalType": "Group"}, {"RightName": "GenericWrite", "IsInherited": false, "PrincipalSID": "ACTIVE.HTB-S-1-5-32-544", "PrincipalType": "Group"}, {"RightName": "WriteOwner", "IsInherited": false, "PrincipalSID": "ACTIVE.HTB-S-1-5-32-544", "PrincipalType": "Group"}, {"RightName": "WriteDacl", "IsInherited": false, "PrincipalSID": "ACTIVE.HTB-S-1-5-32-544", "PrincipalType": "Group"}], "IsDeleted": false, "IsACLProtected": true},{"IsDeleted": false, "IsACLProtected": false, "ObjectIdentifier": "ACTIVE.HTB-S-1-5-9", "Properties": {"domain": "ACTIVE.HTB", "name": "ENTERPRISE DOMAIN CONTROLLERS@ACTIVE.HTB"}, "Members": [{"ObjectIdentifier": "S-1-5-21-405608879-3187717380-1996298813-1000", "ObjectType": "Computer"}], "Aces": []},{"IsDeleted": false, "IsACLProtected": false, "ObjectIdentifier": "ACTIVE.HTB-S-1-1-0", "Properties": {"domain": "ACTIVE.HTB", "domainsid": "S-1-5-21-405608879-3187717380-1996298813", "name": "EVERYONE@ACTIVE.HTB"}, "Members": [], "Aces": []},{"IsDeleted": false, "IsACLProtected": false, "ObjectIdentifier": "ACTIVE.HTB-S-1-5-11", "Properties": {"domain": "ACTIVE.HTB", "domainsid": "S-1-5-21-405608879-3187717380-1996298813", "name": "AUTHENTICATED USERS@ACTIVE.HTB"}, "Members": [], "Aces": []},{"IsDeleted": false, "IsACLProtected": false, "ObjectIdentifier": "ACTIVE.HTB-S-1-5-4", "Properties": {"domain": "ACTIVE.HTB", "domainsid": "S-1-5-21-405608879-3187717380-1996298813", "name": "INTERACTIVE@ACTIVE.HTB"}, "Members": [], "Aces": []}],"meta":{"methods":0,"type":"groups","count":41, "version":5}}