{"data":[{"ObjectIdentifier": "654FF0AE-F066-49E2-BB23-412740075A2B", "Properties": {"domain": "ACTIVE.HTB", "name": "WMIGPO@ACTIVE.HTB", "distinguishedname": "CN=WMIGPO,CN=WMIPOLICY,CN=SYSTEM,DC=ACTIVE,DC=HTB", "domainsid": "S-1-5-21-405608879-3187717380-1996298813", "highvalue": false, "description": "", "whencreated": 1531939751}, "IsDeleted": false, "IsACLProtected": false, "Aces": [{"RightName": "Owns", "IsInherited": false, "PrincipalSID": "S-1-5-21-405608879-3187717380-1996298813-512", "PrincipalType": "Group"}, {"RightName": "WriteOwner", "IsInherited": false, "PrincipalSID": "S-1-5-21-405608879-3187717380-1996298813-512", "PrincipalType": "Group"}, {"RightName": "WriteDacl", "IsInherited": false, "PrincipalSID": "S-1-5-21-405608879-3187717380-1996298813-512", "PrincipalType": "Group"}, {"RightName": "GenericAll", "IsInherited": true, "PrincipalSID": "S-1-5-21-405608879-3187717380-1996298813-519", "PrincipalType": "Group"}, {"RightName": "GenericAll", "IsInherited": true, "PrincipalSID": "S-1-5-21-405608879-3187717380-1996298813-512", "PrincipalType": "Group"}], "ChildObjects": []},{"ObjectIdentifier": "DA86090D-9D99-4832-9481-BB3ED3E09BBE", "Properties": {"domain": "ACTIVE.HTB", "name": "POLICYTYPE@ACTIVE.HTB", "distinguishedname": "CN=POLICYTYPE,CN=WMIPOLICY,CN=SYSTEM,DC=ACTIVE,DC=HTB", "domainsid": "S-1-5-21-405608879-3187717380-1996298813", "highvalue": false, "description": "", "whencreated": 1531939751}, "IsDeleted": false, "IsACLProtected": false, "Aces": [{"RightName": "Owns", "IsInherited": false, "PrincipalSID": "S-1-5-21-405608879-3187717380-1996298813-512", "PrincipalType": "Group"}, {"RightName": "WriteOwner", "IsInherited": false, "PrincipalSID": "S-1-5-21-405608879-3187717380-1996298813-512", "PrincipalType": "Group"}, {"RightName": "WriteDacl", "IsInherited": false, "PrincipalSID": "S-1-5-21-405608879-3187717380-1996298813-512", "PrincipalType": "Group"}, {"RightName": "GenericAll", "IsInherited": true, "PrincipalSID": "S-1-5-21-405608879-3187717380-1996298813-519", "PrincipalType": "Group"}, {"RightName": "GenericAll", "IsInherited": true, "PrincipalSID": "S-1-5-21-405608879-3187717380-1996298813-512", "PrincipalType": "Group"}], "ChildObjects": []},{"ObjectIdentifier": "BC6211C9-6301-45D6-A0C6-68E14A7FE3A2", "Properties": {"domain": "ACTIVE.HTB", "name": "SOM@ACTIVE.HTB", "distinguishedname": "CN=SOM,CN=WMIPOLICY,CN=SYSTEM,DC=ACTIVE,DC=HTB", "domainsid": "S-1-5-21-405608879-3187717380-1996298813", "highvalue": false, "description": "", "whencreated": 1531939751}, "IsDeleted": false, "IsACLProtected": true, "Aces": [{"RightName": "Owns", "IsInherited": false, "PrincipalSID": "S-1-5-21-405608879-3187717380-1996298813-512", "PrincipalType": "Group"}, {"RightName": "GenericAll", "IsInherited": false, "PrincipalSID": "S-1-5-21-405608879-3187717380-1996298813-512", "PrincipalType": "Group"}, {"RightName": "GenericAll", "IsInherited": false, "PrincipalSID": "S-1-5-21-405608879-3187717380-1996298813-519", "PrincipalType": "Group"}], "ChildObjects": []},{"ObjectIdentifier": "F4AE5170-4082-42F7-80E7-03575BAC00B3", "Properties": {"domain": "ACTIVE.HTB", "name": "POLICYTEMPLATE@ACTIVE.HTB", "distinguishedname": "CN=POLICYTEMPLATE,CN=WMIPOLICY,CN=SYSTEM,DC=ACTIVE,DC=HTB", "domainsid": "S-1-5-21-405608879-3187717380-1996298813", "highvalue": false, "description": "", "whencreated": 1531939751}, "IsDeleted": false, "IsACLProtected": false, "Aces": [{"RightName": "Owns", "IsInherited": false, "PrincipalSID": "S-1-5-21-405608879-3187717380-1996298813-512", "PrincipalType": "Group"}, {"RightName": "WriteOwner", "IsInherited": false, "PrincipalSID": "S-1-5-21-405608879-3187717380-1996298813-512", "PrincipalType": "Group"}, {"RightName": "WriteDacl", "IsInherited": false, "PrincipalSID": "S-1-5-21-405608879-3187717380-1996298813-512", "PrincipalType": "Group"}, {"RightName": "GenericAll", "IsInherited": true, "PrincipalSID": "S-1-5-21-405608879-3187717380-1996298813-519", "PrincipalType": "Group"}, {"RightName": "GenericAll", "IsInherited": true, "PrincipalSID": "S-1-5-21-405608879-3187717380-1996298813-512", "PrincipalType": "Group"}], "ChildObjects": []},{"ObjectIdentifier": "D5D5A3D2-23EA-4614-8BCF-A322241C68C9", "Properties": {"domain": "ACTIVE.HTB", "name": "WMIPOLICY@ACTIVE.HTB", "distinguishedname": "CN=WMIPOLICY,CN=SYSTEM,DC=ACTIVE,DC=HTB", "domainsid": "S-1-5-21-405608879-3187717380-1996298813", "highvalue": false, "description": "", "whencreated": 1531939751}, "IsDeleted": false, "IsACLProtected": true, "Aces": [{"RightName": "Owns", "IsInherited": false, "PrincipalSID": "S-1-5-21-405608879-3187717380-1996298813-512", "PrincipalType": "Group"}, {"RightName": "GenericAll", "IsInherited": false, "PrincipalSID": "S-1-5-21-405608879-3187717380-1996298813-519", "PrincipalType": "Group"}, {"RightName": "GenericAll", "IsInherited": false, "PrincipalSID": "S-1-5-21-405608879-3187717380-1996298813-512", "PrincipalType": "Group"}], "ChildObjects": []},{"ObjectIdentifier": "1AAD5798-2D8D-42F5-80A5-2C2F7CFDB746", "Properties": {"domain": "ACTIVE.HTB", "name": "COMPARTITIONSETS@ACTIVE.HTB", "distinguishedname": "CN=COMPARTITIONSETS,CN=SYSTEM,DC=ACTIVE,DC=HTB", "domainsid": "S-1-5-21-405608879-3187717380-1996298813", "highvalue": false, "description": "", "whencreated": 1531939751}, "IsDeleted": false, "IsACLProtected": false, "Aces": [{"RightName": "Owns", "IsInherited": false, "PrincipalSID": "S-1-5-21-405608879-3187717380-1996298813-512", "PrincipalType": "Group"}, {"RightName": "WriteOwner", "IsInherited": false, "PrincipalSID": "S-1-5-21-405608879-3187717380-1996298813-512", "PrincipalType": "Group"}, {"RightName": "WriteDacl", "IsInherited": false, "PrincipalSID": "S-1-5-21-405608879-3187717380-1996298813-512", "PrincipalType": "Group"}, {"RightName": "WriteOwner", "IsInherited": true, "PrincipalSID": "ACTIVE.HTB-S-1-5-32-544", "PrincipalType": "Group"}, {"RightName": "WriteDacl", "IsInherited": true, "PrincipalSID": "ACTIVE.HTB-S-1-5-32-544", "PrincipalType": "Group"}, {"RightName": "GenericAll", "IsInherited": true, "PrincipalSID": "S-1-5-21-405608879-3187717380-1996298813-519", "PrincipalType": "Group"}], "ChildObjects": []},{"ObjectIdentifier": "B211F836-7575-46B0-ACE6-A36E89A40496", "Properties": {"domain": "ACTIVE.HTB", "name": "COMPARTITIONS@ACTIVE.HTB", "distinguishedname": "CN=COMPARTITIONS,CN=SYSTEM,DC=ACTIVE,DC=HTB", "domainsid": "S-1-5-21-405608879-3187717380-1996298813", "highvalue": false, "description": "", "whencreated": 1531939751}, "IsDeleted": false, "IsACLProtected": false, "Aces": [{"RightName": "Owns", "IsInherited": false, "PrincipalSID": "S-1-5-21-405608879-3187717380-1996298813-512", "PrincipalType": "Group"}, {"RightName": "WriteOwner", "IsInherited": false, "PrincipalSID": "S-1-5-21-405608879-3187717380-1996298813-512", "PrincipalType": "Group"}, {"RightName": "WriteDacl", "IsInherited": false, "PrincipalSID": "S-1-5-21-405608879-3187717380-1996298813-512", "PrincipalType": "Group"}, {"RightName": "WriteOwner", "IsInherited": true, "PrincipalSID": "ACTIVE.HTB-S-1-5-32-544", "PrincipalType": "Group"}, {"RightName": "WriteDacl", "IsInherited": true, "PrincipalSID": "ACTIVE.HTB-S-1-5-32-544", "PrincipalType": "Group"}, {"RightName": "GenericAll", "IsInherited": true, "PrincipalSID": "S-1-5-21-405608879-3187717380-1996298813-519", "PrincipalType": "Group"}], "ChildObjects": []},{"ObjectIdentifier": "4C32B4E0-0500-4A3F-86E7-1F4FD6BBC839", "Properties": {"domain": "ACTIVE.HTB", "name": "ADMINSDHOLDER@ACTIVE.HTB", "distinguishedname": "CN=ADMINSDHOLDER,CN=SYSTEM,DC=ACTIVE,DC=HTB", "domainsid": "S-1-5-21-405608879-3187717380-1996298813", "highvalue": false, "description": "", "whencreated": 1531939751}, "IsDeleted": false, "IsACLProtected": true, "Aces": [{"RightName": "Owns", "IsInherited": false, "PrincipalSID": "S-1-5-21-405608879-3187717380-1996298813-512", "PrincipalType": "Group"}, {"RightName": "WriteOwner", "IsInherited": false, "PrincipalSID": "S-1-5-21-405608879-3187717380-1996298813-512", "PrincipalType": "Group"}, {"RightName": "WriteDacl", "IsInherited": false, "PrincipalSID": "S-1-5-21-405608879-3187717380-1996298813-512", "PrincipalType": "Group"}, {"RightName": "WriteOwner", "IsInherited": false, "PrincipalSID": "S-1-5-21-405608879-3187717380-1996298813-519", "PrincipalType": "Group"}, {"RightName": "WriteDacl", "IsInherited": false, "PrincipalSID": "S-1-5-21-405608879-3187717380-1996298813-519", "PrincipalType": "Group"}, {"RightName": "WriteOwner", "IsInherited": false, "PrincipalSID": "ACTIVE.HTB-S-1-5-32-544", "PrincipalType": "Group"}, {"RightName": "WriteDacl", "IsInherited": false, "PrincipalSID": "ACTIVE.HTB-S-1-5-32-544", "PrincipalType": "Group"}], "ChildObjects": []},{"ObjectIdentifier": "48E8E612-A1A7-4700-A5C2-FDD4F86B9D19", "Properties": {"domain": "ACTIVE.HTB", "name": "RAS AND IAS SERVERS ACCESS CHECK@ACTIVE.HTB", "distinguishedname": "CN=RAS AND IAS SERVERS ACCESS CHECK,CN=SYSTEM,DC=ACTIVE,DC=HTB", "domainsid": "S-1-5-21-405608879-3187717380-1996298813", "highvalue": false, "description": "", "whencreated": 1531939751}, "IsDeleted": false, "IsACLProtected": false, "Aces": [{"RightName": "Owns", "IsInherited": false, "PrincipalSID": "S-1-5-21-405608879-3187717380-1996298813-512", "PrincipalType": "Group"}, {"RightName": "WriteOwner", "IsInherited": false, "PrincipalSID": "S-1-5-21-405608879-3187717380-1996298813-553", "PrincipalType": "Group"}, {"RightName": "WriteDacl", "IsInherited": false, "PrincipalSID": "S-1-5-21-405608879-3187717380-1996298813-553", "PrincipalType": "Group"}, {"RightName": "WriteOwner", "IsInherited": true, "PrincipalSID": "ACTIVE.HTB-S-1-5-32-544", "PrincipalType": "Group"}, {"RightName": "WriteDacl", "IsInherited": true, "PrincipalSID": "ACTIVE.HTB-S-1-5-32-544", "PrincipalType": "Group"}, {"RightName": "GenericAll", "IsInherited": true, "PrincipalSID": "S-1-5-21-405608879-3187717380-1996298813-519", "PrincipalType": "Group"}], "ChildObjects": []},{"ObjectIdentifier": "33EAAF37-341E-4DE0-B329-17AAA3209CD8", "Properties": {"domain": "ACTIVE.HTB", "name": "POLICIES@ACTIVE.HTB", "distinguishedname": "CN=POLICIES,CN=SYSTEM,DC=ACTIVE,DC=HTB", "domainsid": "S-1-5-21-405608879-3187717380-1996298813", "highvalue": false, "description": "", "whencreated": 1531939751}, "IsDeleted": false, "IsACLProtected": false, "Aces": [{"RightName": "Owns", "IsInherited": false, "PrincipalSID": "S-1-5-21-405608879-3187717380-1996298813-512", "PrincipalType": "Group"}, {"RightName": "WriteOwner", "IsInherited": false, "PrincipalSID": "S-1-5-21-405608879-3187717380-1996298813-512", "PrincipalType": "Group"}, {"RightName": "WriteDacl", "IsInherited": false, "PrincipalSID": "S-1-5-21-405608879-3187717380-1996298813-512", "PrincipalType": "Group"}, {"RightName": "WriteOwner", "IsInherited": true, "PrincipalSID": "ACTIVE.HTB-S-1-5-32-544", "PrincipalType": "Group"}, {"RightName": "WriteDacl", "IsInherited": true, "PrincipalSID": "ACTIVE.HTB-S-1-5-32-544", "PrincipalType": "Group"}, {"RightName": "GenericAll", "IsInherited": true, "PrincipalSID": "S-1-5-21-405608879-3187717380-1996298813-519", "PrincipalType": "Group"}], "ChildObjects": []},{"ObjectIdentifier": "58378BB5-4A73-4570-809D-A27165E2CC46", "Properties": {"domain": "ACTIVE.HTB", "name": "MEETINGS@ACTIVE.HTB", "distinguishedname": "CN=MEETINGS,CN=SYSTEM,DC=ACTIVE,DC=HTB", "domainsid": "S-1-5-21-405608879-3187717380-1996298813", "highvalue": false, "description": "", "whencreated": 1531939751}, "IsDeleted": false, "IsACLProtected": false, "Aces": [{"RightName": "Owns", "IsInherited": false, "PrincipalSID": "S-1-5-21-405608879-3187717380-1996298813-512", "PrincipalType": "Group"}, {"RightName": "WriteOwner", "IsInherited": false, "PrincipalSID": "S-1-5-21-405608879-3187717380-1996298813-512", "PrincipalType": "Group"}, {"RightName": "WriteDacl", "IsInherited": false, "PrincipalSID": "S-1-5-21-405608879-3187717380-1996298813-512", "PrincipalType": "Group"}, {"RightName": "WriteOwner", "IsInherited": true, "PrincipalSID": "ACTIVE.HTB-S-1-5-32-544", "PrincipalType": "Group"}, {"RightName": "WriteDacl", "IsInherited": true, "PrincipalSID": "ACTIVE.HTB-S-1-5-32-544", "PrincipalType": "Group"}, {"RightName": "GenericAll", "IsInherited": true, "PrincipalSID": "S-1-5-21-405608879-3187717380-1996298813-519", "PrincipalType": "Group"}], "ChildObjects": []},{"ObjectIdentifier": "F47C6A64-B372-46A8-9FE1-C3581A42B64B", "Properties": {"domain": "ACTIVE.HTB", "name": "WINSOCKSERVICES@ACTIVE.HTB", "distinguishedname": "CN=WINSOCKSERVICES,CN=SYSTEM,DC=ACTIVE,DC=HTB", "domainsid": "S-1-5-21-405608879-3187717380-1996298813", "highvalue": false, "description": "", "whencreated": 1531939751}, "IsDeleted": false, "IsACLProtected": false, "Aces": [{"RightName": "Owns", "IsInherited": false, "PrincipalSID": "S-1-5-21-405608879-3187717380-1996298813-512", "PrincipalType": "Group"}, {"RightName": "WriteOwner", "IsInherited": false, "PrincipalSID": "S-1-5-21-405608879-3187717380-1996298813-512", "PrincipalType": "Group"}, {"RightName": "WriteDacl", "IsInherited": false, "PrincipalSID": "S-1-5-21-405608879-3187717380-1996298813-512", "PrincipalType": "Group"}, {"RightName": "WriteOwner", "IsInherited": true, "PrincipalSID": "ACTIVE.HTB-S-1-5-32-544", "PrincipalType": "Group"}, {"RightName": "WriteDacl", "IsInherited": true, "PrincipalSID": "ACTIVE.HTB-S-1-5-32-544", "PrincipalType": "Group"}, {"RightName": "GenericAll", "IsInherited": true, "PrincipalSID": "S-1-5-21-405608879-3187717380-1996298813-519", "PrincipalType": "Group"}], "ChildObjects": []},{"ObjectIdentifier": "84042344-7C52-4F6B-B840-05DAE0AD7E74", "Properties": {"domain": "ACTIVE.HTB", "name": "MANAGED SERVICE ACCOUNTS@ACTIVE.HTB", "distinguishedname": "CN=MANAGED SERVICE ACCOUNTS,DC=ACTIVE,DC=HTB", "domainsid": "S-1-5-21-405608879-3187717380-1996298813", "highvalue": false, "description": "Default container for managed service accounts", "whencreated": 1531939751}, "IsDeleted": false, "IsACLProtected": false, "Aces": [{"RightName": "Owns", "IsInherited": false, "PrincipalSID": "S-1-5-21-405608879-3187717380-1996298813-512", "PrincipalType": "Group"}, {"RightName": "WriteOwner", "IsInherited": false, "PrincipalSID": "S-1-5-21-405608879-3187717380-1996298813-512", "PrincipalType": "Group"}, {"RightName": "WriteDacl", "IsInherited": false, "PrincipalSID": "S-1-5-21-405608879-3187717380-1996298813-512", "PrincipalType": "Group"}, {"RightName": "WriteOwner", "IsInherited": true, "PrincipalSID": "ACTIVE.HTB-S-1-5-32-544", "PrincipalType": "Group"}, {"RightName": "WriteDacl", "IsInherited": true, "PrincipalSID": "ACTIVE.HTB-S-1-5-32-544", "PrincipalType": "Group"}, {"RightName": "GenericAll", "IsInherited": true, "PrincipalSID": "S-1-5-21-405608879-3187717380-1996298813-519", "PrincipalType": "Group"}], "ChildObjects": []},{"ObjectIdentifier": "521CE3F6-04AD-4979-9F3A-53BAE2F85B1E", "Properties": {"domain": "ACTIVE.HTB", "name": "MICROSOFT@ACTIVE.HTB", "distinguishedname": "CN=MICROSOFT,CN=PROGRAM DATA,DC=ACTIVE,DC=HTB", "domainsid": "S-1-5-21-405608879-3187717380-1996298813", "highvalue": false, "description": "Default location for storage of Microsoft application data.", "whencreated": 1531939751}, "IsDeleted": false, "IsACLProtected": false, "Aces": [{"RightName": "Owns", "IsInherited": false, "PrincipalSID": "S-1-5-21-405608879-3187717380-1996298813-512", "PrincipalType": "Group"}, {"RightName": "GenericAll", "IsInherited": false, "PrincipalSID": "S-1-5-21-405608879-3187717380-1996298813-512", "PrincipalType": "Group"}, {"RightName": "WriteOwner", "IsInherited": true, "PrincipalSID": "ACTIVE.HTB-S-1-5-32-544", "PrincipalType": "Group"}, {"RightName": "WriteDacl", "IsInherited": true, "PrincipalSID": "ACTIVE.HTB-S-1-5-32-544", "PrincipalType": "Group"}, {"RightName": "GenericAll", "IsInherited": true, "PrincipalSID": "S-1-5-21-405608879-3187717380-1996298813-519", "PrincipalType": "Group"}], "ChildObjects": []},{"ObjectIdentifier": "784715BA-05AA-4AC8-AF55-E2E31E0C226F", "Properties": {"domain": "ACTIVE.HTB", "name": "PROGRAM DATA@ACTIVE.HTB", "distinguishedname": "CN=PROGRAM DATA,DC=ACTIVE,DC=HTB", "domainsid": "S-1-5-21-405608879-3187717380-1996298813", "highvalue": false, "description": "Default location for storage of application data.", "whencreated": 1531939751}, "IsDeleted": false, "IsACLProtected": false, "Aces": [{"RightName": "Owns", "IsInherited": false, "PrincipalSID": "S-1-5-21-405608879-3187717380-1996298813-512", "PrincipalType": "Group"}, {"RightName": "GenericAll", "IsInherited": false, "PrincipalSID": "S-1-5-21-405608879-3187717380-1996298813-512", "PrincipalType": "Group"}, {"RightName": "WriteOwner", "IsInherited": true, "PrincipalSID": "ACTIVE.HTB-S-1-5-32-544", "PrincipalType": "Group"}, {"RightName": "WriteDacl", "IsInherited": true, "PrincipalSID": "ACTIVE.HTB-S-1-5-32-544", "PrincipalType": "Group"}, {"RightName": "GenericAll", "IsInherited": true, "PrincipalSID": "S-1-5-21-405608879-3187717380-1996298813-519", "PrincipalType": "Group"}], "ChildObjects": []},{"ObjectIdentifier": "1C228F4B-F681-422B-9DC6-7C3F4929FAC3", "Properties": {"domain": "ACTIVE.HTB", "name": "FOREIGNSECURITYPRINCIPALS@ACTIVE.HTB", "distinguishedname": "CN=FOREIGNSECURITYPRINCIPALS,DC=ACTIVE,DC=HTB", "domainsid": "S-1-5-21-405608879-3187717380-1996298813", "highvalue": false, "description": "Default container for security identifiers (SIDs) associated with objects from external, trusted domains", "whencreated": 1531939751}, "IsDeleted": false, "IsACLProtected": false, "Aces": [{"RightName": "Owns", "IsInherited": false, "PrincipalSID": "S-1-5-21-405608879-3187717380-1996298813-512", "PrincipalType": "Group"}, {"RightName": "GenericAll", "IsInherited": false, "PrincipalSID": "S-1-5-21-405608879-3187717380-1996298813-512", "PrincipalType": "Group"}, {"RightName": "WriteOwner", "IsInherited": true, "PrincipalSID": "ACTIVE.HTB-S-1-5-32-544", "PrincipalType": "Group"}, {"RightName": "WriteDacl", "IsInherited": true, "PrincipalSID": "ACTIVE.HTB-S-1-5-32-544", "PrincipalType": "Group"}, {"RightName": "GenericAll", "IsInherited": true, "PrincipalSID": "S-1-5-21-405608879-3187717380-1996298813-519", "PrincipalType": "Group"}], "ChildObjects": []},{"ObjectIdentifier": "773D4EF5-662F-42CC-A86A-13E1981F62D5", "Properties": {"domain": "ACTIVE.HTB", "name": "SYSTEM@ACTIVE.HTB", "distinguishedname": "CN=SYSTEM,DC=ACTIVE,DC=HTB", "domainsid": "S-1-5-21-405608879-3187717380-1996298813", "highvalue": false, "description": "Builtin system settings", "whencreated": 1531939751}, "IsDeleted": false, "IsACLProtected": false, "Aces": [{"RightName": "Owns", "IsInherited": false, "PrincipalSID": "S-1-5-21-405608879-3187717380-1996298813-512", "PrincipalType": "Group"}, {"RightName": "WriteOwner", "IsInherited": false, "PrincipalSID": "S-1-5-21-405608879-3187717380-1996298813-512", "PrincipalType": "Group"}, {"RightName": "WriteDacl", "IsInherited": false, "PrincipalSID": "S-1-5-21-405608879-3187717380-1996298813-512", "PrincipalType": "Group"}, {"RightName": "WriteOwner", "IsInherited": true, "PrincipalSID": "ACTIVE.HTB-S-1-5-32-544", "PrincipalType": "Group"}, {"RightName": "WriteDacl", "IsInherited": true, "PrincipalSID": "ACTIVE.HTB-S-1-5-32-544", "PrincipalType": "Group"}, {"RightName": "GenericAll", "IsInherited": true, "PrincipalSID": "S-1-5-21-405608879-3187717380-1996298813-519", "PrincipalType": "Group"}], "ChildObjects": []},{"ObjectIdentifier": "A86DA88D-7577-4FE5-A713-CE0FAED00D5A", "Properties": {"domain": "ACTIVE.HTB", "name": "COMPUTERS@ACTIVE.HTB", "distinguishedname": "CN=COMPUTERS,DC=ACTIVE,DC=HTB", "domainsid": "S-1-5-21-405608879-3187717380-1996298813", "highvalue": false, "description": "Default container for upgraded computer accounts", "whencreated": 1531939751}, "IsDeleted": false, "IsACLProtected": false, "Aces": [{"RightName": "Owns", "IsInherited": false, "PrincipalSID": "S-1-5-21-405608879-3187717380-1996298813-512", "PrincipalType": "Group"}, {"RightName": "WriteOwner", "IsInherited": false, "PrincipalSID": "S-1-5-21-405608879-3187717380-1996298813-512", "PrincipalType": "Group"}, {"RightName": "WriteDacl", "IsInherited": false, "PrincipalSID": "S-1-5-21-405608879-3187717380-1996298813-512", "PrincipalType": "Group"}, {"RightName": "WriteOwner", "IsInherited": true, "PrincipalSID": "ACTIVE.HTB-S-1-5-32-544", "PrincipalType": "Group"}, {"RightName": "WriteDacl", "IsInherited": true, "PrincipalSID": "ACTIVE.HTB-S-1-5-32-544", "PrincipalType": "Group"}, {"RightName": "GenericAll", "IsInherited": true, "PrincipalSID": "S-1-5-21-405608879-3187717380-1996298813-519", "PrincipalType": "Group"}], "ChildObjects": []},{"ObjectIdentifier": "3865ED96-92DF-4776-BB63-C8640B9664D6", "Properties": {"domain": "ACTIVE.HTB", "name": "USERS@ACTIVE.HTB", "distinguishedname": "CN=USERS,DC=ACTIVE,DC=HTB", "domainsid": "S-1-5-21-405608879-3187717380-1996298813", "highvalue": false, "description": "Default container for upgraded user accounts", "whencreated": 1531939751}, "IsDeleted": false, "IsACLProtected": false, "Aces": [{"RightName": "Owns", "IsInherited": false, "PrincipalSID": "S-1-5-21-405608879-3187717380-1996298813-512", "PrincipalType": "Group"}, {"RightName": "WriteOwner", "IsInherited": false, "PrincipalSID": "S-1-5-21-405608879-3187717380-1996298813-512", "PrincipalType": "Group"}, {"RightName": "WriteDacl", "IsInherited": false, "PrincipalSID": "S-1-5-21-405608879-3187717380-1996298813-512", "PrincipalType": "Group"}, {"RightName": "WriteOwner", "IsInherited": true, "PrincipalSID": "ACTIVE.HTB-S-1-5-32-544", "PrincipalType": "Group"}, {"RightName": "WriteDacl", "IsInherited": true, "PrincipalSID": "ACTIVE.HTB-S-1-5-32-544", "PrincipalType": "Group"}, {"RightName": "GenericAll", "IsInherited": true, "PrincipalSID": "S-1-5-21-405608879-3187717380-1996298813-519", "PrincipalType": "Group"}], "ChildObjects": [{"ObjectIdentifier": "S-1-5-21-405608879-3187717380-1996298813-1103", "ObjectType": "User"}, {"ObjectIdentifier": "S-1-5-21-405608879-3187717380-1996298813-518", "ObjectType": "Group"}, {"ObjectIdentifier": "S-1-5-21-405608879-3187717380-1996298813-521", "ObjectType": "Group"}, {"ObjectIdentifier": "S-1-5-21-405608879-3187717380-1996298813-553", "ObjectType": "Group"}, {"ObjectIdentifier": "S-1-5-21-405608879-3187717380-1996298813-502", "ObjectType": "User"}, {"ObjectIdentifier": "S-1-5-21-405608879-3187717380-1996298813-501", "ObjectType": "User"}, {"ObjectIdentifier": "S-1-5-21-405608879-3187717380-1996298813-520", "ObjectType": "Group"}, {"ObjectIdentifier": "S-1-5-21-405608879-3187717380-1996298813-498", "ObjectType": "Group"}, {"ObjectIdentifier": "S-1-5-21-405608879-3187717380-1996298813-519", "ObjectType": "Group"}, {"ObjectIdentifier": "S-1-5-21-405608879-3187717380-1996298813-513", "ObjectType": "Group"}, {"ObjectIdentifier": "S-1-5-21-405608879-3187717380-1996298813-514", "ObjectType": "Group"}, {"ObjectIdentifier": "S-1-5-21-405608879-3187717380-1996298813-516", "ObjectType": "Group"}, {"ObjectIdentifier": "S-1-5-21-405608879-3187717380-1996298813-515", "ObjectType": "Group"}, {"ObjectIdentifier": "S-1-5-21-405608879-3187717380-1996298813-512", "ObjectType": "Group"}, {"ObjectIdentifier": "S-1-5-21-405608879-3187717380-1996298813-1102", "ObjectType": "Group"}, {"ObjectIdentifier": "S-1-5-21-405608879-3187717380-1996298813-1101", "ObjectType": "Group"}, {"ObjectIdentifier": "S-1-5-21-405608879-3187717380-1996298813-572", "ObjectType": "Group"}, {"ObjectIdentifier": "S-1-5-21-405608879-3187717380-1996298813-517", "ObjectType": "Group"}, {"ObjectIdentifier": "S-1-5-21-405608879-3187717380-1996298813-571", "ObjectType": "Group"}, {"ObjectIdentifier": "S-1-5-21-405608879-3187717380-1996298813-500", "ObjectType": "User"}]}],"meta":{"methods":0,"type":"containers","count":19, "version":5}}