{"data":[{"AllowedToDelegate": [], "ObjectIdentifier": "ACTIVE.HTB-S-1-5-20", "PrimaryGroupSID": null, "Properties": {"domain": "ACTIVE.HTB", "domainsid": "S-1-5-21-405608879-3187717380-1996298813", "name": "NT AUTHORITY@ACTIVE.HTB"}, "Aces": [], "SPNTargets": [], "HasSIDHistory": [], "IsDeleted": false, "IsACLProtected": false},{"AllowedToDelegate": [], "ObjectIdentifier": "S-1-5-21-405608879-3187717380-1996298813-502", "PrimaryGroupSID": "S-1-5-21-405608879-3187717380-1996298813-513", "Properties": {"name": "KRBTGT@ACTIVE.HTB", "domain": "ACTIVE.HTB", "domainsid": "S-1-5-21-405608879-3187717380-1996298813", "distinguishedname": "CN=KRBTGT,CN=USERS,DC=ACTIVE,DC=HTB", "unconstraineddelegation": false, "trustedtoauth": false, "passwordnotreqd": false, "enabled": false, "lastlogon": 0, "lastlogontimestamp": -1, "pwdlastset": 1531939836, "dontreqpreauth": false, "pwdneverexpires": false, "sensitive": false, "serviceprincipalnames": ["kadmin/changepw"], "hasspn": true, "displayname": null, "email": null, "title": null, "homedirectory": null, "description": "Key Distribution Center Service Account", "userpassword": null, "admincount": true, "sidhistory": [], "whencreated": 1531939835, "unixpassword": null, "unicodepassword": null, "logonscript": null, "samaccountname": "krbtgt", "sfupassword": null}, "Aces": [{"RightName": "Owns", "IsInherited": false, "PrincipalSID": "S-1-5-21-405608879-3187717380-1996298813-512", "PrincipalType": "Group"}, {"RightName": "GenericWrite", "IsInherited": false, "PrincipalSID": "S-1-5-21-405608879-3187717380-1996298813-512", "PrincipalType": "Group"}, {"RightName": "WriteOwner", "IsInherited": false, "PrincipalSID": "S-1-5-21-405608879-3187717380-1996298813-512", "PrincipalType": "Group"}, {"RightName": "AllExtendedRights", "IsInherited": false, "PrincipalSID": "S-1-5-21-405608879-3187717380-1996298813-512", "PrincipalType": "Group"}, {"RightName": "WriteDacl", "IsInherited": false, "PrincipalSID": "S-1-5-21-405608879-3187717380-1996298813-512", "PrincipalType": "Group"}, {"RightName": "GenericWrite", "IsInherited": false, "PrincipalSID": "S-1-5-21-405608879-3187717380-1996298813-519", "PrincipalType": "Group"}, {"RightName": "WriteOwner", "IsInherited": false, "PrincipalSID": "S-1-5-21-405608879-3187717380-1996298813-519", "PrincipalType": "Group"}, {"RightName": "AllExtendedRights", "IsInherited": false, "PrincipalSID": "S-1-5-21-405608879-3187717380-1996298813-519", "PrincipalType": "Group"}, {"RightName": "WriteDacl", "IsInherited": false, "PrincipalSID": "S-1-5-21-405608879-3187717380-1996298813-519", "PrincipalType": "Group"}, {"RightName": "GenericWrite", "IsInherited": false, "PrincipalSID": "ACTIVE.HTB-S-1-5-32-544", "PrincipalType": "Group"}, {"RightName": "WriteOwner", "IsInherited": false, "PrincipalSID": "ACTIVE.HTB-S-1-5-32-544", "PrincipalType": "Group"}, {"RightName": "AllExtendedRights", "IsInherited": false, "PrincipalSID": "ACTIVE.HTB-S-1-5-32-544", "PrincipalType": "Group"}, {"RightName": "WriteDacl", "IsInherited": false, "PrincipalSID": "ACTIVE.HTB-S-1-5-32-544", "PrincipalType": "Group"}], "SPNTargets": [], "HasSIDHistory": [], "IsDeleted": false, "IsACLProtected": true},{"AllowedToDelegate": [], "ObjectIdentifier": "S-1-5-21-405608879-3187717380-1996298813-1103", "PrimaryGroupSID": "S-1-5-21-405608879-3187717380-1996298813-513", "Properties": {"name": "SVC_TGS@ACTIVE.HTB", "domain": "ACTIVE.HTB", "domainsid": "S-1-5-21-405608879-3187717380-1996298813", "distinguishedname": "CN=SVC_TGS,CN=USERS,DC=ACTIVE,DC=HTB", "unconstraineddelegation": false, "trustedtoauth": false, "passwordnotreqd": false, "enabled": true, "lastlogon": 1744112972, "lastlogontimestamp": 1744112588, "pwdlastset": 1531944878, "dontreqpreauth": false, "pwdneverexpires": true, "sensitive": false, "serviceprincipalnames": [], "hasspn": false, "displayname": "SVC_TGS", "email": null, "title": null, "homedirectory": null, "description": null, "userpassword": null, "admincount": false, "sidhistory": [], "whencreated": 1531944878, "unixpassword": null, "unicodepassword": null, "logonscript": null, "samaccountname": "SVC_TGS", "sfupassword": null}, "Aces": [{"RightName": "Owns", "IsInherited": false, "PrincipalSID": "S-1-5-21-405608879-3187717380-1996298813-512", "PrincipalType": "Group"}, {"RightName": "GenericAll", "IsInherited": false, "PrincipalSID": "S-1-5-21-405608879-3187717380-1996298813-512", "PrincipalType": "Group"}, {"RightName": "GenericAll", "IsInherited": false, "PrincipalSID": "ACTIVE.HTB-S-1-5-32-548", "PrincipalType": "Group"}, {"RightName": "GenericWrite", "IsInherited": true, "PrincipalSID": "ACTIVE.HTB-S-1-5-32-544", "PrincipalType": "Group"}, {"RightName": "WriteOwner", "IsInherited": true, "PrincipalSID": "ACTIVE.HTB-S-1-5-32-544", "PrincipalType": "Group"}, {"RightName": "AllExtendedRights", "IsInherited": true, "PrincipalSID": "ACTIVE.HTB-S-1-5-32-544", "PrincipalType": "Group"}, {"RightName": "WriteDacl", "IsInherited": true, "PrincipalSID": "ACTIVE.HTB-S-1-5-32-544", "PrincipalType": "Group"}, {"RightName": "GenericAll", "IsInherited": true, "PrincipalSID": "S-1-5-21-405608879-3187717380-1996298813-519", "PrincipalType": "Group"}], "SPNTargets": [], "HasSIDHistory": [], "IsDeleted": false, "IsACLProtected": false},{"AllowedToDelegate": [], "ObjectIdentifier": "S-1-5-21-405608879-3187717380-1996298813-501", "PrimaryGroupSID": "S-1-5-21-405608879-3187717380-1996298813-514", "Properties": {"name": "GUEST@ACTIVE.HTB", "domain": "ACTIVE.HTB", "domainsid": "S-1-5-21-405608879-3187717380-1996298813", "distinguishedname": "CN=GUEST,CN=USERS,DC=ACTIVE,DC=HTB", "unconstraineddelegation": false, "trustedtoauth": false, "passwordnotreqd": true, "enabled": false, "lastlogon": 0, "lastlogontimestamp": -1, "pwdlastset": 0, "dontreqpreauth": false, "pwdneverexpires": true, "sensitive": false, "serviceprincipalnames": [], "hasspn": false, "displayname": null, "email": null, "title": null, "homedirectory": null, "description": "Built-in account for guest access to the computer/domain", "userpassword": null, "admincount": false, "sidhistory": [], "whencreated": 1531939751, "unixpassword": null, "unicodepassword": null, "logonscript": null, "samaccountname": "Guest", "sfupassword": null}, "Aces": [{"RightName": "Owns", "IsInherited": false, "PrincipalSID": "ACTIVE.HTB-S-1-5-32-544", "PrincipalType": "Group"}, {"RightName": "GenericAll", "IsInherited": false, "PrincipalSID": "ACTIVE.HTB-S-1-5-32-544", "PrincipalType": "Group"}, {"RightName": "GenericAll", "IsInherited": false, "PrincipalSID": "ACTIVE.HTB-S-1-5-32-548", "PrincipalType": "Group"}, {"RightName": "GenericWrite", "IsInherited": true, "PrincipalSID": "ACTIVE.HTB-S-1-5-32-544", "PrincipalType": "Group"}, {"RightName": "WriteOwner", "IsInherited": true, "PrincipalSID": "ACTIVE.HTB-S-1-5-32-544", "PrincipalType": "Group"}, {"RightName": "AllExtendedRights", "IsInherited": true, "PrincipalSID": "ACTIVE.HTB-S-1-5-32-544", "PrincipalType": "Group"}, {"RightName": "WriteDacl", "IsInherited": true, "PrincipalSID": "ACTIVE.HTB-S-1-5-32-544", "PrincipalType": "Group"}, {"RightName": "GenericAll", "IsInherited": true, "PrincipalSID": "S-1-5-21-405608879-3187717380-1996298813-519", "PrincipalType": "Group"}], "SPNTargets": [], "HasSIDHistory": [], "IsDeleted": false, "IsACLProtected": false},{"AllowedToDelegate": [], "ObjectIdentifier": "S-1-5-21-405608879-3187717380-1996298813-500", "PrimaryGroupSID": "S-1-5-21-405608879-3187717380-1996298813-513", "Properties": {"name": "ADMINISTRATOR@ACTIVE.HTB", "domain": "ACTIVE.HTB", "domainsid": "S-1-5-21-405608879-3187717380-1996298813", "distinguishedname": "CN=ADMINISTRATOR,CN=USERS,DC=ACTIVE,DC=HTB", "unconstraineddelegation": false, "trustedtoauth": false, "passwordnotreqd": false, "enabled": true, "lastlogon": 1744111668, "lastlogontimestamp": 1744111635, "pwdlastset": 1531940800, "dontreqpreauth": false, "pwdneverexpires": true, "sensitive": false, "serviceprincipalnames": ["active/CIFS:445"], "hasspn": true, "displayname": null, "email": null, "title": null, "homedirectory": null, "description": "Built-in account for administering the computer/domain", "userpassword": null, "admincount": true, "sidhistory": [], "whencreated": 1531939751, "unixpassword": null, "unicodepassword": null, "logonscript": null, "samaccountname": "Administrator", "sfupassword": null}, "Aces": [{"RightName": "Owns", "IsInherited": false, "PrincipalSID": "S-1-5-21-405608879-3187717380-1996298813-512", "PrincipalType": "Group"}, {"RightName": "GenericWrite", "IsInherited": false, "PrincipalSID": "S-1-5-21-405608879-3187717380-1996298813-512", "PrincipalType": "Group"}, {"RightName": "WriteOwner", "IsInherited": false, "PrincipalSID": "S-1-5-21-405608879-3187717380-1996298813-512", "PrincipalType": "Group"}, {"RightName": "AllExtendedRights", "IsInherited": false, "PrincipalSID": "S-1-5-21-405608879-3187717380-1996298813-512", "PrincipalType": "Group"}, {"RightName": "WriteDacl", "IsInherited": false, "PrincipalSID": "S-1-5-21-405608879-3187717380-1996298813-512", "PrincipalType": "Group"}, {"RightName": "GenericWrite", "IsInherited": false, "PrincipalSID": "S-1-5-21-405608879-3187717380-1996298813-519", "PrincipalType": "Group"}, {"RightName": "WriteOwner", "IsInherited": false, "PrincipalSID": "S-1-5-21-405608879-3187717380-1996298813-519", "PrincipalType": "Group"}, {"RightName": "AllExtendedRights", "IsInherited": false, "PrincipalSID": "S-1-5-21-405608879-3187717380-1996298813-519", "PrincipalType": "Group"}, {"RightName": "WriteDacl", "IsInherited": false, "PrincipalSID": "S-1-5-21-405608879-3187717380-1996298813-519", "PrincipalType": "Group"}, {"RightName": "GenericWrite", "IsInherited": false, "PrincipalSID": "ACTIVE.HTB-S-1-5-32-544", "PrincipalType": "Group"}, {"RightName": "WriteOwner", "IsInherited": false, "PrincipalSID": "ACTIVE.HTB-S-1-5-32-544", "PrincipalType": "Group"}, {"RightName": "AllExtendedRights", "IsInherited": false, "PrincipalSID": "ACTIVE.HTB-S-1-5-32-544", "PrincipalType": "Group"}, {"RightName": "WriteDacl", "IsInherited": false, "PrincipalSID": "ACTIVE.HTB-S-1-5-32-544", "PrincipalType": "Group"}], "SPNTargets": [], "HasSIDHistory": [], "IsDeleted": false, "IsACLProtected": true}],"meta":{"methods":0,"type":"users","count":5, "version":5}}