{"data":[{"ObjectIdentifier": "S-1-5-21-405608879-3187717380-1996298813-1000", "AllowedToAct": [], "PrimaryGroupSID": "S-1-5-21-405608879-3187717380-1996298813-516", "LocalAdmins": {"Collected": true, "FailureReason": null, "Results": [{"ObjectIdentifier": "S-1-5-21-405608879-3187717380-1996298813-500", "ObjectType": "User"}, {"ObjectIdentifier": "S-1-5-21-405608879-3187717380-1996298813-519", "ObjectType": "Group"}, {"ObjectIdentifier": "S-1-5-21-405608879-3187717380-1996298813-512", "ObjectType": "Group"}]}, "PSRemoteUsers": {"Collected": true, "FailureReason": null, "Results": []}, "Properties": {"name": "DC.ACTIVE.HTB", "domainsid": "S-1-5-21-405608879-3187717380-1996298813", "domain": "ACTIVE.HTB", "distinguishedname": "CN=DC,OU=DOMAIN CONTROLLERS,DC=ACTIVE,DC=HTB", "unconstraineddelegation": true, "enabled": true, "trustedtoauth": false, "samaccountname": "DC$", "haslaps": false, "lastlogon": 1744111643, "lastlogontimestamp": 1744111631, "pwdlastset": 1744111626, "whencreated": 1531939835, "serviceprincipalnames": ["ldap/DC.active.htb/ForestDnsZones.active.htb", "ldap/DC.active.htb/DomainDnsZones.active.htb", "TERMSRV/DC", "TERMSRV/DC.active.htb", "Dfsr-12F9A27C-BF97-4787-9364-D31B6C55EB04/DC.active.htb", "DNS/DC.active.htb", "GC/DC.active.htb/active.htb", "RestrictedKrbHost/DC.active.htb", "RestrictedKrbHost/DC", "HOST/DC/ACTIVE", "HOST/DC.active.htb/ACTIVE", "HOST/DC", "HOST/DC.active.htb", "HOST/DC.active.htb/active.htb", "E3514235-4B06-11D1-AB04-00C04FC2DCD2/f4953ea5-0f30-4041-b4dd-1a00693a8510/active.htb", "ldap/DC/ACTIVE", "ldap/f4953ea5-0f30-4041-b4dd-1a00693a8510._msdcs.active.htb", "ldap/DC.active.htb/ACTIVE", "ldap/DC", "ldap/DC.active.htb", "ldap/DC.active.htb/active.htb"], "description": null, "operatingsystem": "Windows Server 2008 R2 Standard Service Pack 1", "sidhistory": []}, "RemoteDesktopUsers": {"Collected": true, "FailureReason": null, "Results": []}, "DcomUsers": {"Collected": true, "FailureReason": null, "Results": []}, "AllowedToDelegate": [], "Sessions": {"Collected": true, "FailureReason": null, "Results": []}, "PrivilegedSessions": {"Collected": false, "FailureReason": null, "Results": []}, "RegistrySessions": {"Collected": false, "FailureReason": null, "Results": []}, "Aces": [{"RightName": "Owns", "IsInherited": false, "PrincipalSID": "S-1-5-21-405608879-3187717380-1996298813-512", "PrincipalType": "Group"}, {"RightName": "GenericAll", "IsInherited": false, "PrincipalSID": "S-1-5-21-405608879-3187717380-1996298813-512", "PrincipalType": "Group"}, {"RightName": "GenericWrite", "IsInherited": true, "PrincipalSID": "ACTIVE.HTB-S-1-5-32-544", "PrincipalType": "Group"}, {"RightName": "WriteOwner", "IsInherited": true, "PrincipalSID": "ACTIVE.HTB-S-1-5-32-544", "PrincipalType": "Group"}, {"RightName": "WriteDacl", "IsInherited": true, "PrincipalSID": "ACTIVE.HTB-S-1-5-32-544", "PrincipalType": "Group"}, {"RightName": "GenericAll", "IsInherited": true, "PrincipalSID": "S-1-5-21-405608879-3187717380-1996298813-519", "PrincipalType": "Group"}], "HasSIDHistory": [], "IsDeleted": false, "Status": null, "IsACLProtected": false}],"meta":{"methods":0,"type":"computers","count":1, "version":5}}