{"data": [{"Properties": {"name": "SEQUEL-DC01-CA@SEQUEL.HTB", "highvalue": false, "CA Name": "sequel-DC01-CA", "DNS Name": "DC01.sequel.htb", "Certificate Subject": "CN=sequel-DC01-CA, DC=sequel, DC=htb", "Certificate Serial Number": "152DBD2D8E9C079742C0F3BFF2A211D3", "Certificate Validity Start": "2024-06-08 16:50:40+00:00", "Certificate Validity End": "2124-06-08 17:00:40+00:00", "Web Enrollment": "Disabled", "User Specified SAN": "Disabled", "Request Disposition": "Issue", "Enforce Encryption for Requests": "Enabled", "domain": "SEQUEL.HTB", "type": "Enrollment Service"}, "ObjectIdentifier": "89711ea6-77be-4cd8-bd4a-a8bd88e96400", "Aces": [{"PrincipalSID": "SEQUEL.HTB-S-1-5-32-544", "PrincipalType": "Group", "RightName": "Owns", "IsInherited": false}, {"PrincipalSID": "SEQUEL.HTB-S-1-5-32-544", "PrincipalType": "Group", "RightName": "ManageCertificates", "IsInherited": false}, {"PrincipalSID": "SEQUEL.HTB-S-1-5-32-544", "PrincipalType": "Group", "RightName": "ManageCa", "IsInherited": false}, {"PrincipalSID": "S-1-5-21-548670397-972687484-3496335370-512", "PrincipalType": "Group", "RightName": "ManageCertificates", "IsInherited": false}, {"PrincipalSID": "S-1-5-21-548670397-972687484-3496335370-512", "PrincipalType": "Group", "RightName": "ManageCa", "IsInherited": false}, {"PrincipalSID": "S-1-5-21-548670397-972687484-3496335370-519", "PrincipalType": "Group", "RightName": "ManageCertificates", "IsInherited": false}, {"PrincipalSID": "S-1-5-21-548670397-972687484-3496335370-519", "PrincipalType": "Group", "RightName": "ManageCa", "IsInherited": false}, {"PrincipalSID": "SEQUEL.HTB-S-1-5-11", "PrincipalType": "Group", "RightName": "Enroll", "IsInherited": false}]}, {"Properties": {"name": "KERBEROSAUTHENTICATION@SEQUEL.HTB", "highvalue": false, "Template Name": "KerberosAuthentication", "Display Name": "Kerberos Authentication", "Certificate Authorities": ["sequel-DC01-CA"], "Enabled": true, "Client Authentication": true, "Enrollment Agent": false, "Any Purpose": false, "Enrollee Supplies Subject": false, "Certificate Name Flag": ["SubjectAltRequireDns", "SubjectAltRequireDomainDns"], "Enrollment Flag": ["AutoEnrollment"], "Private Key Flag": ["AttestNone"], "Extended Key Usage": ["Client Authentication", "Server Authentication", "Smart Card Logon", "KDC Authentication"], "Requires Manager Approval": false, "Requires Key Archival": false, "Authorized Signatures Required": 0, "Validity Period": "1 year", "Renewal Period": "6 weeks", "Minimum RSA Key Length": 2048, "domain": "SEQUEL.HTB", "type": "Certificate Template"}, "ObjectIdentifier": "dc6bf7fa-1267-4e54-bea7-844358686f07", "Aces": [{"PrincipalSID": "S-1-5-21-548670397-972687484-3496335370-519", "PrincipalType": "Group", "RightName": "Owns", "IsInherited": false}, {"PrincipalSID": "S-1-5-21-548670397-972687484-3496335370-498", "PrincipalType": "Group", "RightName": "Enroll", "IsInherited": false}, {"PrincipalSID": "S-1-5-21-548670397-972687484-3496335370-498", "PrincipalType": "Group", "RightName": "AutoEnroll", "IsInherited": false}, {"PrincipalSID": "S-1-5-21-548670397-972687484-3496335370-512", "PrincipalType": "Group", "RightName": "WriteOwner", "IsInherited": false}, {"PrincipalSID": "S-1-5-21-548670397-972687484-3496335370-512", "PrincipalType": "Group", "RightName": "WriteDacl", "IsInherited": false}, {"PrincipalSID": "S-1-5-21-548670397-972687484-3496335370-512", "PrincipalType": "Group", "RightName": "WriteProperty", "IsInherited": false}, {"PrincipalSID": "S-1-5-21-548670397-972687484-3496335370-512", "PrincipalType": "Group", "RightName": "Enroll", "IsInherited": false}, {"PrincipalSID": "S-1-5-21-548670397-972687484-3496335370-516", "PrincipalType": "Group", "RightName": "Enroll", "IsInherited": false}, {"PrincipalSID": "S-1-5-21-548670397-972687484-3496335370-516", "PrincipalType": "Group", "RightName": "AutoEnroll", "IsInherited": false}, {"PrincipalSID": "S-1-5-21-548670397-972687484-3496335370-519", "PrincipalType": "Group", "RightName": "WriteOwner", "IsInherited": false}, {"PrincipalSID": "S-1-5-21-548670397-972687484-3496335370-519", "PrincipalType": "Group", "RightName": "WriteDacl", "IsInherited": false}, {"PrincipalSID": "S-1-5-21-548670397-972687484-3496335370-519", "PrincipalType": "Group", "RightName": "WriteProperty", "IsInherited": false}, {"PrincipalSID": "S-1-5-21-548670397-972687484-3496335370-519", "PrincipalType": "Group", "RightName": "Enroll", "IsInherited": false}, {"PrincipalSID": "SEQUEL.HTB-S-1-5-9", "PrincipalType": "Group", "RightName": "Enroll", "IsInherited": false}, {"PrincipalSID": "SEQUEL.HTB-S-1-5-9", "PrincipalType": "Group", "RightName": "AutoEnroll", "IsInherited": false}]}, {"Properties": {"name": "OCSPRESPONSESIGNING@SEQUEL.HTB", "highvalue": false, "Template Name": "OCSPResponseSigning", "Display Name": "OCSP Response Signing", "Enabled": false, "Client Authentication": false, "Enrollment Agent": false, "Any Purpose": false, "Enrollee Supplies Subject": false, "Certificate Name Flag": ["SubjectRequireDnsAsCn", "SubjectAltRequireDns"], "Enrollment Flag": ["Norevocationinfoinissuedcerts", "AddOcspNocheck"], "Private Key Flag": ["AttestNone"], "Extended Key Usage": ["OCSP Signing"], "Requires Manager Approval": false, "Requires Key Archival": false, "Authorized Signatures Required": 0, "Validity Period": "2 weeks", "Renewal Period": "2 days", "Minimum RSA Key Length": 2048, "domain": "SEQUEL.HTB", "type": "Certificate Template"}, "ObjectIdentifier": "f843bd02-85fb-4755-90f3-6566c57db245", "Aces": [{"PrincipalSID": "S-1-5-21-548670397-972687484-3496335370-519", "PrincipalType": "Group", "RightName": "Owns", "IsInherited": false}, {"PrincipalSID": "S-1-5-21-548670397-972687484-3496335370-512", "PrincipalType": "Group", "RightName": "WriteOwner", "IsInherited": false}, {"PrincipalSID": "S-1-5-21-548670397-972687484-3496335370-512", "PrincipalType": "Group", "RightName": "WriteDacl", "IsInherited": false}, {"PrincipalSID": "S-1-5-21-548670397-972687484-3496335370-512", "PrincipalType": "Group", "RightName": "WriteProperty", "IsInherited": false}, {"PrincipalSID": "S-1-5-21-548670397-972687484-3496335370-512", "PrincipalType": "Group", "RightName": "Enroll", "IsInherited": false}, {"PrincipalSID": "S-1-5-21-548670397-972687484-3496335370-519", "PrincipalType": "Group", "RightName": "WriteOwner", "IsInherited": false}, {"PrincipalSID": "S-1-5-21-548670397-972687484-3496335370-519", "PrincipalType": "Group", "RightName": "WriteDacl", "IsInherited": false}, {"PrincipalSID": "S-1-5-21-548670397-972687484-3496335370-519", "PrincipalType": "Group", "RightName": "WriteProperty", "IsInherited": false}, {"PrincipalSID": "S-1-5-21-548670397-972687484-3496335370-519", "PrincipalType": "Group", "RightName": "Enroll", "IsInherited": false}]}, {"Properties": {"name": "RASANDIASSERVER@SEQUEL.HTB", "highvalue": false, "Template Name": "RASAndIASServer", "Display Name": "RAS and IAS Server", "Enabled": false, "Client Authentication": true, "Enrollment Agent": false, "Any Purpose": false, "Enrollee Supplies Subject": false, "Certificate Name Flag": ["SubjectRequireCommonName", "SubjectAltRequireDns"], "Enrollment Flag": ["AutoEnrollment"], "Private Key Flag": ["AttestNone"], "Extended Key Usage": ["Client Authentication", "Server Authentication"], "Requires Manager Approval": false, "Requires Key Archival": false, "Authorized Signatures Required": 0, "Validity Period": "1 year", "Renewal Period": "6 weeks", "Minimum RSA Key Length": 2048, "domain": "SEQUEL.HTB", "type": "Certificate Template"}, "ObjectIdentifier": "84029b1e-66f4-4444-a7d2-b0ca189b9664", "Aces": [{"PrincipalSID": "S-1-5-21-548670397-972687484-3496335370-519", "PrincipalType": "Group", "RightName": "Owns", "IsInherited": false}, {"PrincipalSID": "S-1-5-21-548670397-972687484-3496335370-512", "PrincipalType": "Group", "RightName": "WriteOwner", "IsInherited": false}, {"PrincipalSID": "S-1-5-21-548670397-972687484-3496335370-512", "PrincipalType": "Group", "RightName": "WriteDacl", "IsInherited": false}, {"PrincipalSID": "S-1-5-21-548670397-972687484-3496335370-512", "PrincipalType": "Group", "RightName": "WriteProperty", "IsInherited": false}, {"PrincipalSID": "S-1-5-21-548670397-972687484-3496335370-512", "PrincipalType": "Group", "RightName": "Enroll", "IsInherited": false}, {"PrincipalSID": "S-1-5-21-548670397-972687484-3496335370-519", "PrincipalType": "Group", "RightName": "WriteOwner", "IsInherited": false}, {"PrincipalSID": "S-1-5-21-548670397-972687484-3496335370-519", "PrincipalType": "Group", "RightName": "WriteDacl", "IsInherited": false}, {"PrincipalSID": "S-1-5-21-548670397-972687484-3496335370-519", "PrincipalType": "Group", "RightName": "WriteProperty", "IsInherited": false}, {"PrincipalSID": "S-1-5-21-548670397-972687484-3496335370-519", "PrincipalType": "Group", "RightName": "Enroll", "IsInherited": false}, {"PrincipalSID": "S-1-5-21-548670397-972687484-3496335370-553", "PrincipalType": "Group", "RightName": "Enroll", "IsInherited": false}]}, {"Properties": {"name": "WORKSTATION@SEQUEL.HTB", "highvalue": false, "Template Name": "Workstation", "Display Name": "Workstation Authentication", "Enabled": false, "Client Authentication": true, "Enrollment Agent": false, "Any Purpose": false, "Enrollee Supplies Subject": false, "Certificate Name Flag": ["SubjectAltRequireDns"], "Enrollment Flag": ["AutoEnrollment"], "Private Key Flag": ["AttestNone"], "Extended Key Usage": ["Client Authentication"], "Requires Manager Approval": false, "Requires Key Archival": false, "Authorized Signatures Required": 0, "Validity Period": "1 year", "Renewal Period": "6 weeks", "Minimum RSA Key Length": 2048, "domain": "SEQUEL.HTB", "type": "Certificate Template"}, "ObjectIdentifier": "b81ad6e2-b25b-4190-9416-7e8e1096a61b", "Aces": [{"PrincipalSID": "S-1-5-21-548670397-972687484-3496335370-519", "PrincipalType": "Group", "RightName": "Owns", "IsInherited": false}, {"PrincipalSID": "S-1-5-21-548670397-972687484-3496335370-512", "PrincipalType": "Group", "RightName": "WriteOwner", "IsInherited": false}, {"PrincipalSID": "S-1-5-21-548670397-972687484-3496335370-512", "PrincipalType": "Group", "RightName": "WriteDacl", "IsInherited": false}, {"PrincipalSID": "S-1-5-21-548670397-972687484-3496335370-512", "PrincipalType": "Group", "RightName": "WriteProperty", "IsInherited": false}, {"PrincipalSID": "S-1-5-21-548670397-972687484-3496335370-512", "PrincipalType": "Group", "RightName": "Enroll", "IsInherited": false}, {"PrincipalSID": "S-1-5-21-548670397-972687484-3496335370-515", "PrincipalType": "Group", "RightName": "Enroll", "IsInherited": false}, {"PrincipalSID": "S-1-5-21-548670397-972687484-3496335370-519", "PrincipalType": "Group", "RightName": "WriteOwner", "IsInherited": false}, {"PrincipalSID": "S-1-5-21-548670397-972687484-3496335370-519", "PrincipalType": "Group", "RightName": "WriteDacl", "IsInherited": false}, {"PrincipalSID": "S-1-5-21-548670397-972687484-3496335370-519", "PrincipalType": "Group", "RightName": "WriteProperty", "IsInherited": false}, {"PrincipalSID": "S-1-5-21-548670397-972687484-3496335370-519", "PrincipalType": "Group", "RightName": "Enroll", "IsInherited": false}]}, {"Properties": {"name": "DIRECTORYEMAILREPLICATION@SEQUEL.HTB", "highvalue": false, "Template Name": "DirectoryEmailReplication", "Display Name": "Directory Email Replication", "Certificate Authorities": ["sequel-DC01-CA"], "Enabled": true, "Client Authentication": false, "Enrollment Agent": false, "Any Purpose": false, "Enrollee Supplies Subject": false, "Certificate Name Flag": ["SubjectAltRequireDns", "SubjectAltRequireDirectoryGuid"], "Enrollment Flag": ["AutoEnrollment", "PublishToDs", "IncludeSymmetricAlgorithms"], "Private Key Flag": ["AttestNone"], "Extended Key Usage": ["Directory Service Email Replication"], "Requires Manager Approval": false, "Requires Key Archival": false, "Authorized Signatures Required": 0, "Validity Period": "1 year", "Renewal Period": "6 weeks", "Minimum RSA Key Length": 2048, "domain": "SEQUEL.HTB", "type": "Certificate Template"}, "ObjectIdentifier": "3835580a-d843-4b1b-af0f-64b597d68386", "Aces": [{"PrincipalSID": "S-1-5-21-548670397-972687484-3496335370-519", "PrincipalType": "Group", "RightName": "Owns", "IsInherited": false}, {"PrincipalSID": "S-1-5-21-548670397-972687484-3496335370-498", "PrincipalType": "Group", "RightName": "Enroll", "IsInherited": false}, {"PrincipalSID": "S-1-5-21-548670397-972687484-3496335370-498", "PrincipalType": "Group", "RightName": "AutoEnroll", "IsInherited": false}, {"PrincipalSID": "S-1-5-21-548670397-972687484-3496335370-512", "PrincipalType": "Group", "RightName": "WriteOwner", "IsInherited": false}, {"PrincipalSID": "S-1-5-21-548670397-972687484-3496335370-512", "PrincipalType": "Group", "RightName": "WriteDacl", "IsInherited": false}, {"PrincipalSID": "S-1-5-21-548670397-972687484-3496335370-512", "PrincipalType": "Group", "RightName": "WriteProperty", "IsInherited": false}, {"PrincipalSID": "S-1-5-21-548670397-972687484-3496335370-512", "PrincipalType": "Group", "RightName": "Enroll", "IsInherited": false}, {"PrincipalSID": "S-1-5-21-548670397-972687484-3496335370-516", "PrincipalType": "Group", "RightName": "Enroll", "IsInherited": false}, {"PrincipalSID": "S-1-5-21-548670397-972687484-3496335370-516", "PrincipalType": "Group", "RightName": "AutoEnroll", "IsInherited": false}, {"PrincipalSID": "S-1-5-21-548670397-972687484-3496335370-519", "PrincipalType": "Group", "RightName": "WriteOwner", "IsInherited": false}, {"PrincipalSID": "S-1-5-21-548670397-972687484-3496335370-519", "PrincipalType": "Group", "RightName": "WriteDacl", "IsInherited": false}, {"PrincipalSID": "S-1-5-21-548670397-972687484-3496335370-519", "PrincipalType": "Group", "RightName": "WriteProperty", "IsInherited": false}, {"PrincipalSID": "S-1-5-21-548670397-972687484-3496335370-519", "PrincipalType": "Group", "RightName": "Enroll", "IsInherited": false}, {"PrincipalSID": "SEQUEL.HTB-S-1-5-9", "PrincipalType": "Group", "RightName": "Enroll", "IsInherited": false}, {"PrincipalSID": "SEQUEL.HTB-S-1-5-9", "PrincipalType": "Group", "RightName": "AutoEnroll", "IsInherited": false}]}, {"Properties": {"name": "DOMAINCONTROLLERAUTHENTICATION@SEQUEL.HTB", "highvalue": false, "Template Name": "DomainControllerAuthentication", "Display Name": "Domain Controller Authentication", "Certificate Authorities": ["sequel-DC01-CA"], "Enabled": true, "Client Authentication": true, "Enrollment Agent": false, "Any Purpose": false, "Enrollee Supplies Subject": false, "Certificate Name Flag": ["SubjectAltRequireDns"], "Enrollment Flag": ["AutoEnrollment"], "Private Key Flag": ["AttestNone"], "Extended Key Usage": ["Client Authentication", "Server Authentication", "Smart Card Logon"], "Requires Manager Approval": false, "Requires Key Archival": false, "Authorized Signatures Required": 0, "Validity Period": "1 year", "Renewal Period": "6 weeks", "Minimum RSA Key Length": 2048, "domain": "SEQUEL.HTB", "type": "Certificate Template"}, "ObjectIdentifier": "53539e48-de83-4990-afa0-e70ceba73358", "Aces": [{"PrincipalSID": "S-1-5-21-548670397-972687484-3496335370-519", "PrincipalType": "Group", "RightName": "Owns", "IsInherited": false}, {"PrincipalSID": "S-1-5-21-548670397-972687484-3496335370-498", "PrincipalType": "Group", "RightName": "Enroll", "IsInherited": false}, {"PrincipalSID": "S-1-5-21-548670397-972687484-3496335370-498", "PrincipalType": "Group", "RightName": "AutoEnroll", "IsInherited": false}, {"PrincipalSID": "S-1-5-21-548670397-972687484-3496335370-512", "PrincipalType": "Group", "RightName": "WriteOwner", "IsInherited": false}, {"PrincipalSID": "S-1-5-21-548670397-972687484-3496335370-512", "PrincipalType": "Group", "RightName": "WriteDacl", "IsInherited": false}, {"PrincipalSID": "S-1-5-21-548670397-972687484-3496335370-512", "PrincipalType": "Group", "RightName": "WriteProperty", "IsInherited": false}, {"PrincipalSID": "S-1-5-21-548670397-972687484-3496335370-512", "PrincipalType": "Group", "RightName": "Enroll", "IsInherited": false}, {"PrincipalSID": "S-1-5-21-548670397-972687484-3496335370-516", "PrincipalType": "Group", "RightName": "Enroll", "IsInherited": false}, {"PrincipalSID": "S-1-5-21-548670397-972687484-3496335370-516", "PrincipalType": "Group", "RightName": "AutoEnroll", "IsInherited": false}, {"PrincipalSID": "S-1-5-21-548670397-972687484-3496335370-519", "PrincipalType": "Group", "RightName": "WriteOwner", "IsInherited": false}, {"PrincipalSID": "S-1-5-21-548670397-972687484-3496335370-519", "PrincipalType": "Group", "RightName": "WriteDacl", "IsInherited": false}, {"PrincipalSID": "S-1-5-21-548670397-972687484-3496335370-519", "PrincipalType": "Group", "RightName": "WriteProperty", "IsInherited": false}, {"PrincipalSID": "S-1-5-21-548670397-972687484-3496335370-519", "PrincipalType": "Group", "RightName": "Enroll", "IsInherited": false}, {"PrincipalSID": "SEQUEL.HTB-S-1-5-9", "PrincipalType": "Group", "RightName": "Enroll", "IsInherited": false}, {"PrincipalSID": "SEQUEL.HTB-S-1-5-9", "PrincipalType": "Group", "RightName": "AutoEnroll", "IsInherited": false}]}, {"Properties": {"name": "KEYRECOVERYAGENT@SEQUEL.HTB", "highvalue": false, "Template Name": "KeyRecoveryAgent", "Display Name": "Key Recovery Agent", "Enabled": false, "Client Authentication": false, "Enrollment Agent": false, "Any Purpose": false, "Enrollee Supplies Subject": false, "Certificate Name Flag": ["SubjectRequireDirectoryPath", "SubjectAltRequireUpn"], "Enrollment Flag": ["AutoEnrollment", "PublishToKraContainer", "PendAllRequests", "IncludeSymmetricAlgorithms"], "Private Key Flag": ["ExportableKey"], "Extended Key Usage": ["Key Recovery Agent"], "Requires Manager Approval": true, "Requires Key Archival": false, "Authorized Signatures Required": 0, "Validity Period": "2 years", "Renewal Period": "6 weeks", "Minimum RSA Key Length": 2048, "domain": "SEQUEL.HTB", "type": "Certificate Template"}, "ObjectIdentifier": "6953a9d9-0137-4000-9997-e789735f8686", "Aces": [{"PrincipalSID": "S-1-5-21-548670397-972687484-3496335370-519", "PrincipalType": "Group", "RightName": "Owns", "IsInherited": false}, {"PrincipalSID": "S-1-5-21-548670397-972687484-3496335370-512", "PrincipalType": "Group", "RightName": "WriteOwner", "IsInherited": false}, {"PrincipalSID": "S-1-5-21-548670397-972687484-3496335370-512", "PrincipalType": "Group", "RightName": "WriteDacl", "IsInherited": false}, {"PrincipalSID": "S-1-5-21-548670397-972687484-3496335370-512", "PrincipalType": "Group", "RightName": "WriteProperty", "IsInherited": false}, {"PrincipalSID": "S-1-5-21-548670397-972687484-3496335370-512", "PrincipalType": "Group", "RightName": "Enroll", "IsInherited": false}, {"PrincipalSID": "S-1-5-21-548670397-972687484-3496335370-519", "PrincipalType": "Group", "RightName": "WriteOwner", "IsInherited": false}, {"PrincipalSID": "S-1-5-21-548670397-972687484-3496335370-519", "PrincipalType": "Group", "RightName": "WriteDacl", "IsInherited": false}, {"PrincipalSID": "S-1-5-21-548670397-972687484-3496335370-519", "PrincipalType": "Group", "RightName": "WriteProperty", "IsInherited": false}, {"PrincipalSID": "S-1-5-21-548670397-972687484-3496335370-519", "PrincipalType": "Group", "RightName": "Enroll", "IsInherited": false}]}, {"Properties": {"name": "CAEXCHANGE@SEQUEL.HTB", "highvalue": false, "Template Name": "CAExchange", "Display Name": "CA Exchange", "Enabled": false, "Client Authentication": false, "Enrollment Agent": false, "Any Purpose": false, "Enrollee Supplies Subject": true, "Certificate Name Flag": ["EnrolleeSuppliesSubject"], "Enrollment Flag": ["IncludeSymmetricAlgorithms"], "Private Key Flag": ["AttestNone"], "Extended Key Usage": ["Private Key Archival"], "Requires Manager Approval": false, "Requires Key Archival": false, "Authorized Signatures Required": 0, "Validity Period": "1 week", "Renewal Period": "1 day", "Minimum RSA Key Length": 2048, "domain": "SEQUEL.HTB", "type": "Certificate Template"}, "ObjectIdentifier": "eb98450a-0795-4978-854d-24ef764e0c4b", "Aces": [{"PrincipalSID": "S-1-5-21-548670397-972687484-3496335370-519", "PrincipalType": "Group", "RightName": "Owns", "IsInherited": false}, {"PrincipalSID": "S-1-5-21-548670397-972687484-3496335370-512", "PrincipalType": "Group", "RightName": "WriteOwner", "IsInherited": false}, {"PrincipalSID": "S-1-5-21-548670397-972687484-3496335370-512", "PrincipalType": "Group", "RightName": "WriteDacl", "IsInherited": false}, {"PrincipalSID": "S-1-5-21-548670397-972687484-3496335370-512", "PrincipalType": "Group", "RightName": "WriteProperty", "IsInherited": false}, {"PrincipalSID": "S-1-5-21-548670397-972687484-3496335370-512", "PrincipalType": "Group", "RightName": "Enroll", "IsInherited": false}, {"PrincipalSID": "S-1-5-21-548670397-972687484-3496335370-519", "PrincipalType": "Group", "RightName": "WriteOwner", "IsInherited": false}, {"PrincipalSID": "S-1-5-21-548670397-972687484-3496335370-519", "PrincipalType": "Group", "RightName": "WriteDacl", "IsInherited": false}, {"PrincipalSID": "S-1-5-21-548670397-972687484-3496335370-519", "PrincipalType": "Group", "RightName": "WriteProperty", "IsInherited": false}, {"PrincipalSID": "S-1-5-21-548670397-972687484-3496335370-519", "PrincipalType": "Group", "RightName": "Enroll", "IsInherited": false}]}, {"Properties": {"name": "CROSSCA@SEQUEL.HTB", "highvalue": false, "Template Name": "CrossCA", "Display Name": "Cross Certification Authority", "Enabled": false, "Client Authentication": true, "Enrollment Agent": true, "Any Purpose": true, "Enrollee Supplies Subject": true, "Certificate Name Flag": ["EnrolleeSuppliesSubject"], "Enrollment Flag": ["PublishToDs"], "Private Key Flag": ["ExportableKey"], "Requires Manager Approval": false, "Requires Key Archival": false, "Authorized Signatures Required": 1, "Validity Period": "5 years", "Renewal Period": "6 weeks", "Minimum RSA Key Length": 2048, "domain": "SEQUEL.HTB", "type": "Certificate Template"}, "ObjectIdentifier": "8a4da56c-f602-427e-b4c5-45a70b74eedd", "Aces": [{"PrincipalSID": "S-1-5-21-548670397-972687484-3496335370-519", "PrincipalType": "Group", "RightName": "Owns", "IsInherited": false}, {"PrincipalSID": "S-1-5-21-548670397-972687484-3496335370-512", "PrincipalType": "Group", "RightName": "WriteOwner", "IsInherited": false}, {"PrincipalSID": "S-1-5-21-548670397-972687484-3496335370-512", "PrincipalType": "Group", "RightName": "WriteDacl", "IsInherited": false}, {"PrincipalSID": "S-1-5-21-548670397-972687484-3496335370-512", "PrincipalType": "Group", "RightName": "WriteProperty", "IsInherited": false}, {"PrincipalSID": "S-1-5-21-548670397-972687484-3496335370-512", "PrincipalType": "Group", "RightName": "Enroll", "IsInherited": false}, {"PrincipalSID": "S-1-5-21-548670397-972687484-3496335370-519", "PrincipalType": "Group", "RightName": "WriteOwner", "IsInherited": false}, {"PrincipalSID": "S-1-5-21-548670397-972687484-3496335370-519", "PrincipalType": "Group", "RightName": "WriteDacl", "IsInherited": false}, {"PrincipalSID": "S-1-5-21-548670397-972687484-3496335370-519", "PrincipalType": "Group", "RightName": "WriteProperty", "IsInherited": false}, {"PrincipalSID": "S-1-5-21-548670397-972687484-3496335370-519", "PrincipalType": "Group", "RightName": "Enroll", "IsInherited": false}]}, {"Properties": {"name": "EXCHANGEUSERSIGNATURE@SEQUEL.HTB", "highvalue": false, "Template Name": "ExchangeUserSignature", "Display Name": "Exchange Signature Only", "Enabled": false, "Client Authentication": false, "Enrollment Agent": false, "Any Purpose": false, "Enrollee Supplies Subject": true, "Certificate Name Flag": ["EnrolleeSuppliesSubject"], "Enrollment Flag": ["None"], "Private Key Flag": ["AttestNone"], "Extended Key Usage": ["Secure Email"], "Requires Manager Approval": false, "Requires Key Archival": false, "Authorized Signatures Required": 0, "Validity Period": "1 year", "Renewal Period": "6 weeks", "Minimum RSA Key Length": 2048, "domain": "SEQUEL.HTB", "type": "Certificate Template"}, "ObjectIdentifier": "c8dd2c9a-49f7-4eaf-b09d-021a8b959477", "Aces": [{"PrincipalSID": "S-1-5-21-548670397-972687484-3496335370-519", "PrincipalType": "Group", "RightName": "Owns", "IsInherited": false}, {"PrincipalSID": "S-1-5-21-548670397-972687484-3496335370-512", "PrincipalType": "Group", "RightName": "WriteOwner", "IsInherited": false}, {"PrincipalSID": "S-1-5-21-548670397-972687484-3496335370-512", "PrincipalType": "Group", "RightName": "WriteDacl", "IsInherited": false}, {"PrincipalSID": "S-1-5-21-548670397-972687484-3496335370-512", "PrincipalType": "Group", "RightName": "WriteProperty", "IsInherited": false}, {"PrincipalSID": "S-1-5-21-548670397-972687484-3496335370-512", "PrincipalType": "Group", "RightName": "Enroll", "IsInherited": false}, {"PrincipalSID": "S-1-5-21-548670397-972687484-3496335370-519", "PrincipalType": "Group", "RightName": "WriteOwner", "IsInherited": false}, {"PrincipalSID": "S-1-5-21-548670397-972687484-3496335370-519", "PrincipalType": "Group", "RightName": "WriteDacl", "IsInherited": false}, {"PrincipalSID": "S-1-5-21-548670397-972687484-3496335370-519", "PrincipalType": "Group", "RightName": "WriteProperty", "IsInherited": false}, {"PrincipalSID": "S-1-5-21-548670397-972687484-3496335370-519", "PrincipalType": "Group", "RightName": "Enroll", "IsInherited": false}]}, {"Properties": {"name": "EXCHANGEUSER@SEQUEL.HTB", "highvalue": false, "Template Name": "ExchangeUser", "Display Name": "Exchange User", "Enabled": false, "Client Authentication": false, "Enrollment Agent": false, "Any Purpose": false, "Enrollee Supplies Subject": true, "Certificate Name Flag": ["EnrolleeSuppliesSubject"], "Enrollment Flag": ["IncludeSymmetricAlgorithms"], "Private Key Flag": ["ExportableKey"], "Extended Key Usage": ["Secure Email"], "Requires Manager Approval": false, "Requires Key Archival": false, "Authorized Signatures Required": 0, "Validity Period": "1 year", "Renewal Period": "6 weeks", "Minimum RSA Key Length": 2048, "domain": "SEQUEL.HTB", "type": "Certificate Template"}, "ObjectIdentifier": "bd1ddf4c-be5d-4d31-967d-e329a9e3d1c8", "Aces": [{"PrincipalSID": "S-1-5-21-548670397-972687484-3496335370-519", "PrincipalType": "Group", "RightName": "Owns", "IsInherited": false}, {"PrincipalSID": "S-1-5-21-548670397-972687484-3496335370-512", "PrincipalType": "Group", "RightName": "WriteOwner", "IsInherited": false}, {"PrincipalSID": "S-1-5-21-548670397-972687484-3496335370-512", "PrincipalType": "Group", "RightName": "WriteDacl", "IsInherited": false}, {"PrincipalSID": "S-1-5-21-548670397-972687484-3496335370-512", "PrincipalType": "Group", "RightName": "WriteProperty", "IsInherited": false}, {"PrincipalSID": "S-1-5-21-548670397-972687484-3496335370-512", "PrincipalType": "Group", "RightName": "Enroll", "IsInherited": false}, {"PrincipalSID": "S-1-5-21-548670397-972687484-3496335370-519", "PrincipalType": "Group", "RightName": "WriteOwner", "IsInherited": false}, {"PrincipalSID": "S-1-5-21-548670397-972687484-3496335370-519", "PrincipalType": "Group", "RightName": "WriteDacl", "IsInherited": false}, {"PrincipalSID": "S-1-5-21-548670397-972687484-3496335370-519", "PrincipalType": "Group", "RightName": "WriteProperty", "IsInherited": false}, {"PrincipalSID": "S-1-5-21-548670397-972687484-3496335370-519", "PrincipalType": "Group", "RightName": "Enroll", "IsInherited": false}]}, {"Properties": {"name": "CEPENCRYPTION@SEQUEL.HTB", "highvalue": false, "Template Name": "CEPEncryption", "Display Name": "CEP Encryption", "Enabled": false, "Client Authentication": false, "Enrollment Agent": true, "Any Purpose": false, "Enrollee Supplies Subject": true, "Certificate Name Flag": ["EnrolleeSuppliesSubject"], "Enrollment Flag": ["None"], "Private Key Flag": ["AttestNone"], "Extended Key Usage": ["Certificate Request Agent"], "Requires Manager Approval": false, "Requires Key Archival": false, "Authorized Signatures Required": 0, "Validity Period": "2 years", "Renewal Period": "6 weeks", "Minimum RSA Key Length": 2048, "domain": "SEQUEL.HTB", "type": "Certificate Template"}, "ObjectIdentifier": "ff40acd0-dee9-4a4b-8e5a-a2ec5051e7b4", "Aces": [{"PrincipalSID": "S-1-5-21-548670397-972687484-3496335370-519", "PrincipalType": "Group", "RightName": "Owns", "IsInherited": false}, {"PrincipalSID": "S-1-5-21-548670397-972687484-3496335370-512", "PrincipalType": "Group", "RightName": "WriteOwner", "IsInherited": false}, {"PrincipalSID": "S-1-5-21-548670397-972687484-3496335370-512", "PrincipalType": "Group", "RightName": "WriteDacl", "IsInherited": false}, {"PrincipalSID": "S-1-5-21-548670397-972687484-3496335370-512", "PrincipalType": "Group", "RightName": "WriteProperty", "IsInherited": false}, {"PrincipalSID": "S-1-5-21-548670397-972687484-3496335370-512", "PrincipalType": "Group", "RightName": "Enroll", "IsInherited": false}, {"PrincipalSID": "S-1-5-21-548670397-972687484-3496335370-519", "PrincipalType": "Group", "RightName": "WriteOwner", "IsInherited": false}, {"PrincipalSID": "S-1-5-21-548670397-972687484-3496335370-519", "PrincipalType": "Group", "RightName": "WriteDacl", "IsInherited": false}, {"PrincipalSID": "S-1-5-21-548670397-972687484-3496335370-519", "PrincipalType": "Group", "RightName": "WriteProperty", "IsInherited": false}, {"PrincipalSID": "S-1-5-21-548670397-972687484-3496335370-519", "PrincipalType": "Group", "RightName": "Enroll", "IsInherited": false}]}, {"Properties": {"name": "OFFLINEROUTER@SEQUEL.HTB", "highvalue": false, "Template Name": "OfflineRouter", "Display Name": "Router (Offline request)", "Enabled": false, "Client Authentication": true, "Enrollment Agent": false, "Any Purpose": false, "Enrollee Supplies Subject": true, "Certificate Name Flag": ["EnrolleeSuppliesSubject"], "Enrollment Flag": ["None"], "Private Key Flag": ["AttestNone"], "Extended Key Usage": ["Client Authentication"], "Requires Manager Approval": false, "Requires Key Archival": false, "Authorized Signatures Required": 0, "Validity Period": "2 years", "Renewal Period": "6 weeks", "Minimum RSA Key Length": 2048, "domain": "SEQUEL.HTB", "type": "Certificate Template"}, "ObjectIdentifier": "64b1aa2a-edaa-4bf1-9682-fa0082602303", "Aces": [{"PrincipalSID": "S-1-5-21-548670397-972687484-3496335370-519", "PrincipalType": "Group", "RightName": "Owns", "IsInherited": false}, {"PrincipalSID": "S-1-5-21-548670397-972687484-3496335370-512", "PrincipalType": "Group", "RightName": "WriteOwner", "IsInherited": false}, {"PrincipalSID": "S-1-5-21-548670397-972687484-3496335370-512", "PrincipalType": "Group", "RightName": "WriteDacl", "IsInherited": false}, {"PrincipalSID": "S-1-5-21-548670397-972687484-3496335370-512", "PrincipalType": "Group", "RightName": "WriteProperty", "IsInherited": false}, {"PrincipalSID": "S-1-5-21-548670397-972687484-3496335370-512", "PrincipalType": "Group", "RightName": "Enroll", "IsInherited": false}, {"PrincipalSID": "S-1-5-21-548670397-972687484-3496335370-519", "PrincipalType": "Group", "RightName": "WriteOwner", "IsInherited": false}, {"PrincipalSID": "S-1-5-21-548670397-972687484-3496335370-519", "PrincipalType": "Group", "RightName": "WriteDacl", "IsInherited": false}, {"PrincipalSID": "S-1-5-21-548670397-972687484-3496335370-519", "PrincipalType": "Group", "RightName": "WriteProperty", "IsInherited": false}, {"PrincipalSID": "S-1-5-21-548670397-972687484-3496335370-519", "PrincipalType": "Group", "RightName": "Enroll", "IsInherited": false}]}, {"Properties": {"name": "IPSECINTERMEDIATEOFFLINE@SEQUEL.HTB", "highvalue": false, "Template Name": "IPSECIntermediateOffline", "Display Name": "IPSec (Offline request)", "Enabled": false, "Client Authentication": false, "Enrollment Agent": false, "Any Purpose": false, "Enrollee Supplies Subject": true, "Certificate Name Flag": ["EnrolleeSuppliesSubject"], "Enrollment Flag": ["None"], "Private Key Flag": ["AttestNone"], "Extended Key Usage": ["IP security IKE intermediate"], "Requires Manager Approval": false, "Requires Key Archival": false, "Authorized Signatures Required": 0, "Validity Period": "2 years", "Renewal Period": "6 weeks", "Minimum RSA Key Length": 2048, "domain": "SEQUEL.HTB", "type": "Certificate Template"}, "ObjectIdentifier": "b30846e9-d8ca-4cf9-8d21-d7e89342f2af", "Aces": [{"PrincipalSID": "S-1-5-21-548670397-972687484-3496335370-519", "PrincipalType": "Group", "RightName": "Owns", "IsInherited": false}, {"PrincipalSID": "S-1-5-21-548670397-972687484-3496335370-512", "PrincipalType": "Group", "RightName": "WriteOwner", "IsInherited": false}, {"PrincipalSID": "S-1-5-21-548670397-972687484-3496335370-512", "PrincipalType": "Group", "RightName": "WriteDacl", "IsInherited": false}, {"PrincipalSID": "S-1-5-21-548670397-972687484-3496335370-512", "PrincipalType": "Group", "RightName": "WriteProperty", "IsInherited": false}, {"PrincipalSID": "S-1-5-21-548670397-972687484-3496335370-512", "PrincipalType": "Group", "RightName": "Enroll", "IsInherited": false}, {"PrincipalSID": "S-1-5-21-548670397-972687484-3496335370-519", "PrincipalType": "Group", "RightName": "WriteOwner", "IsInherited": false}, {"PrincipalSID": "S-1-5-21-548670397-972687484-3496335370-519", "PrincipalType": "Group", "RightName": "WriteDacl", "IsInherited": false}, {"PrincipalSID": "S-1-5-21-548670397-972687484-3496335370-519", "PrincipalType": "Group", "RightName": "WriteProperty", "IsInherited": false}, {"PrincipalSID": "S-1-5-21-548670397-972687484-3496335370-519", "PrincipalType": "Group", "RightName": "Enroll", "IsInherited": false}]}, {"Properties": {"name": "IPSECINTERMEDIATEONLINE@SEQUEL.HTB", "highvalue": false, "Template Name": "IPSECIntermediateOnline", "Display Name": "IPSec", "Enabled": false, "Client Authentication": false, "Enrollment Agent": false, "Any Purpose": false, "Enrollee Supplies Subject": false, "Certificate Name Flag": ["SubjectRequireDnsAsCn", "SubjectAltRequireDns"], "Enrollment Flag": ["AutoEnrollment"], "Private Key Flag": ["AttestNone"], "Extended Key Usage": ["IP security IKE intermediate"], "Requires Manager Approval": false, "Requires Key Archival": false, "Authorized Signatures Required": 0, "Validity Period": "2 years", "Renewal Period": "6 weeks", "Minimum RSA Key Length": 2048, "domain": "SEQUEL.HTB", "type": "Certificate Template"}, "ObjectIdentifier": "bfde0d1b-673e-4dea-9d0a-3f391368d0fb", "Aces": [{"PrincipalSID": "S-1-5-21-548670397-972687484-3496335370-519", "PrincipalType": "Group", "RightName": "Owns", "IsInherited": false}, {"PrincipalSID": "S-1-5-21-548670397-972687484-3496335370-512", "PrincipalType": "Group", "RightName": "WriteOwner", "IsInherited": false}, {"PrincipalSID": "S-1-5-21-548670397-972687484-3496335370-512", "PrincipalType": "Group", "RightName": "WriteDacl", "IsInherited": false}, {"PrincipalSID": "S-1-5-21-548670397-972687484-3496335370-512", "PrincipalType": "Group", "RightName": "WriteProperty", "IsInherited": false}, {"PrincipalSID": "S-1-5-21-548670397-972687484-3496335370-512", "PrincipalType": "Group", "RightName": "Enroll", "IsInherited": false}, {"PrincipalSID": "S-1-5-21-548670397-972687484-3496335370-515", "PrincipalType": "Group", "RightName": "Enroll", "IsInherited": false}, {"PrincipalSID": "S-1-5-21-548670397-972687484-3496335370-516", "PrincipalType": "Group", "RightName": "Enroll", "IsInherited": false}, {"PrincipalSID": "S-1-5-21-548670397-972687484-3496335370-519", "PrincipalType": "Group", "RightName": "WriteOwner", "IsInherited": false}, {"PrincipalSID": "S-1-5-21-548670397-972687484-3496335370-519", "PrincipalType": "Group", "RightName": "WriteDacl", "IsInherited": false}, {"PrincipalSID": "S-1-5-21-548670397-972687484-3496335370-519", "PrincipalType": "Group", "RightName": "WriteProperty", "IsInherited": false}, {"PrincipalSID": "S-1-5-21-548670397-972687484-3496335370-519", "PrincipalType": "Group", "RightName": "Enroll", "IsInherited": false}]}, {"Properties": {"name": "SUBCA@SEQUEL.HTB", "highvalue": true, "Template Name": "SubCA", "Display Name": "Subordinate Certification Authority", "Certificate Authorities": ["sequel-DC01-CA"], "Enabled": true, "Client Authentication": true, "Enrollment Agent": true, "Any Purpose": true, "Enrollee Supplies Subject": true, "Certificate Name Flag": ["EnrolleeSuppliesSubject"], "Enrollment Flag": ["None"], "Private Key Flag": ["ExportableKey"], "Requires Manager Approval": false, "Requires Key Archival": false, "Authorized Signatures Required": 0, "Validity Period": "5 years", "Renewal Period": "6 weeks", "Minimum RSA Key Length": 2048, "domain": "SEQUEL.HTB", "type": "Certificate Template"}, "ObjectIdentifier": "0e342f06-dae0-468f-b75a-3d671396b0ec", "Aces": [{"PrincipalSID": "S-1-5-21-548670397-972687484-3496335370-519", "PrincipalType": "Group", "RightName": "Owns", "IsInherited": false}, {"PrincipalSID": "S-1-5-21-548670397-972687484-3496335370-512", "PrincipalType": "Group", "RightName": "WriteOwner", "IsInherited": false}, {"PrincipalSID": "S-1-5-21-548670397-972687484-3496335370-512", "PrincipalType": "Group", "RightName": "WriteDacl", "IsInherited": false}, {"PrincipalSID": "S-1-5-21-548670397-972687484-3496335370-512", "PrincipalType": "Group", "RightName": "WriteProperty", "IsInherited": false}, {"PrincipalSID": "S-1-5-21-548670397-972687484-3496335370-512", "PrincipalType": "Group", "RightName": "Enroll", "IsInherited": false}, {"PrincipalSID": "S-1-5-21-548670397-972687484-3496335370-519", "PrincipalType": "Group", "RightName": "WriteOwner", "IsInherited": false}, {"PrincipalSID": "S-1-5-21-548670397-972687484-3496335370-519", "PrincipalType": "Group", "RightName": "WriteDacl", "IsInherited": false}, {"PrincipalSID": "S-1-5-21-548670397-972687484-3496335370-519", "PrincipalType": "Group", "RightName": "WriteProperty", "IsInherited": false}, {"PrincipalSID": "S-1-5-21-548670397-972687484-3496335370-519", "PrincipalType": "Group", "RightName": "Enroll", "IsInherited": false}]}, {"Properties": {"name": "CA@SEQUEL.HTB", "highvalue": false, "Template Name": "CA", "Display Name": "Root Certification Authority", "Enabled": false, "Client Authentication": true, "Enrollment Agent": true, "Any Purpose": true, "Enrollee Supplies Subject": true, "Certificate Name Flag": ["EnrolleeSuppliesSubject"], "Enrollment Flag": ["None"], "Private Key Flag": ["ExportableKey"], "Requires Manager Approval": false, "Requires Key Archival": false, "Authorized Signatures Required": 0, "Validity Period": "5 years", "Renewal Period": "6 weeks", "Minimum RSA Key Length": 2048, "domain": "SEQUEL.HTB", "type": "Certificate Template"}, "ObjectIdentifier": "c6ef9d5d-f9ed-46d4-95fc-3171ecb16953", "Aces": [{"PrincipalSID": "S-1-5-21-548670397-972687484-3496335370-519", "PrincipalType": "Group", "RightName": "Owns", "IsInherited": false}, {"PrincipalSID": "S-1-5-21-548670397-972687484-3496335370-512", "PrincipalType": "Group", "RightName": "WriteOwner", "IsInherited": false}, {"PrincipalSID": "S-1-5-21-548670397-972687484-3496335370-512", "PrincipalType": "Group", "RightName": "WriteDacl", "IsInherited": false}, {"PrincipalSID": "S-1-5-21-548670397-972687484-3496335370-512", "PrincipalType": "Group", "RightName": "WriteProperty", "IsInherited": false}, {"PrincipalSID": "S-1-5-21-548670397-972687484-3496335370-512", "PrincipalType": "Group", "RightName": "Enroll", "IsInherited": false}, {"PrincipalSID": "S-1-5-21-548670397-972687484-3496335370-519", "PrincipalType": "Group", "RightName": "WriteOwner", "IsInherited": false}, {"PrincipalSID": "S-1-5-21-548670397-972687484-3496335370-519", "PrincipalType": "Group", "RightName": "WriteDacl", "IsInherited": false}, {"PrincipalSID": "S-1-5-21-548670397-972687484-3496335370-519", "PrincipalType": "Group", "RightName": "WriteProperty", "IsInherited": false}, {"PrincipalSID": "S-1-5-21-548670397-972687484-3496335370-519", "PrincipalType": "Group", "RightName": "Enroll", "IsInherited": false}]}, {"Properties": {"name": "WEBSERVER@SEQUEL.HTB", "highvalue": false, "Template Name": "WebServer", "Display Name": "Web Server", "Certificate Authorities": ["sequel-DC01-CA"], "Enabled": true, "Client Authentication": false, "Enrollment Agent": false, "Any Purpose": false, "Enrollee Supplies Subject": true, "Certificate Name Flag": ["EnrolleeSuppliesSubject"], "Enrollment Flag": ["None"], "Private Key Flag": ["AttestNone"], "Extended Key Usage": ["Server Authentication"], "Requires Manager Approval": false, "Requires Key Archival": false, "Authorized Signatures Required": 0, "Validity Period": "2 years", "Renewal Period": "6 weeks", "Minimum RSA Key Length": 2048, "domain": "SEQUEL.HTB", "type": "Certificate Template"}, "ObjectIdentifier": "2598a24c-fcc2-4410-bf1a-306e03779572", "Aces": [{"PrincipalSID": "S-1-5-21-548670397-972687484-3496335370-519", "PrincipalType": "Group", "RightName": "Owns", "IsInherited": false}, {"PrincipalSID": "S-1-5-21-548670397-972687484-3496335370-512", "PrincipalType": "Group", "RightName": "WriteOwner", "IsInherited": false}, {"PrincipalSID": "S-1-5-21-548670397-972687484-3496335370-512", "PrincipalType": "Group", "RightName": "WriteDacl", "IsInherited": false}, {"PrincipalSID": "S-1-5-21-548670397-972687484-3496335370-512", "PrincipalType": "Group", "RightName": "WriteProperty", "IsInherited": false}, {"PrincipalSID": "S-1-5-21-548670397-972687484-3496335370-512", "PrincipalType": "Group", "RightName": "Enroll", "IsInherited": false}, {"PrincipalSID": "S-1-5-21-548670397-972687484-3496335370-519", "PrincipalType": "Group", "RightName": "WriteOwner", "IsInherited": false}, {"PrincipalSID": "S-1-5-21-548670397-972687484-3496335370-519", "PrincipalType": "Group", "RightName": "WriteDacl", "IsInherited": false}, {"PrincipalSID": "S-1-5-21-548670397-972687484-3496335370-519", "PrincipalType": "Group", "RightName": "WriteProperty", "IsInherited": false}, {"PrincipalSID": "S-1-5-21-548670397-972687484-3496335370-519", "PrincipalType": "Group", "RightName": "Enroll", "IsInherited": false}]}, {"Properties": {"name": "DOMAINCONTROLLER@SEQUEL.HTB", "highvalue": false, "Template Name": "DomainController", "Display Name": "Domain Controller", "Certificate Authorities": ["sequel-DC01-CA"], "Enabled": true, "Client Authentication": true, "Enrollment Agent": false, "Any Purpose": false, "Enrollee Supplies Subject": false, "Certificate Name Flag": ["SubjectRequireDnsAsCn", "SubjectAltRequireDns", "SubjectAltRequireDirectoryGuid"], "Enrollment Flag": ["AutoEnrollment", "PublishToDs", "IncludeSymmetricAlgorithms"], "Private Key Flag": ["AttestNone"], "Extended Key Usage": ["Client Authentication", "Server Authentication"], "Requires Manager Approval": false, "Requires Key Archival": false, "Authorized Signatures Required": 0, "Validity Period": "1 year", "Renewal Period": "6 weeks", "Minimum RSA Key Length": 2048, "domain": "SEQUEL.HTB", "type": "Certificate Template"}, "ObjectIdentifier": "47b386f4-06c1-4086-8467-32872202fd65", "Aces": [{"PrincipalSID": "S-1-5-21-548670397-972687484-3496335370-519", "PrincipalType": "Group", "RightName": "Owns", "IsInherited": false}, {"PrincipalSID": "S-1-5-21-548670397-972687484-3496335370-498", "PrincipalType": "Group", "RightName": "Enroll", "IsInherited": false}, {"PrincipalSID": "S-1-5-21-548670397-972687484-3496335370-512", "PrincipalType": "Group", "RightName": "WriteOwner", "IsInherited": false}, {"PrincipalSID": "S-1-5-21-548670397-972687484-3496335370-512", "PrincipalType": "Group", "RightName": "WriteDacl", "IsInherited": false}, {"PrincipalSID": "S-1-5-21-548670397-972687484-3496335370-512", "PrincipalType": "Group", "RightName": "WriteProperty", "IsInherited": false}, {"PrincipalSID": "S-1-5-21-548670397-972687484-3496335370-512", "PrincipalType": "Group", "RightName": "Enroll", "IsInherited": false}, {"PrincipalSID": "S-1-5-21-548670397-972687484-3496335370-516", "PrincipalType": "Group", "RightName": "Enroll", "IsInherited": false}, {"PrincipalSID": "S-1-5-21-548670397-972687484-3496335370-519", "PrincipalType": "Group", "RightName": "WriteOwner", "IsInherited": false}, {"PrincipalSID": "S-1-5-21-548670397-972687484-3496335370-519", "PrincipalType": "Group", "RightName": "WriteDacl", "IsInherited": false}, {"PrincipalSID": "S-1-5-21-548670397-972687484-3496335370-519", "PrincipalType": "Group", "RightName": "WriteProperty", "IsInherited": false}, {"PrincipalSID": "S-1-5-21-548670397-972687484-3496335370-519", "PrincipalType": "Group", "RightName": "Enroll", "IsInherited": false}, {"PrincipalSID": "SEQUEL.HTB-S-1-5-9", "PrincipalType": "Group", "RightName": "Enroll", "IsInherited": false}]}, {"Properties": {"name": "MACHINE@SEQUEL.HTB", "highvalue": false, "Template Name": "Machine", "Display Name": "Computer", "Certificate Authorities": ["sequel-DC01-CA"], "Enabled": true, "Client Authentication": true, "Enrollment Agent": false, "Any Purpose": false, "Enrollee Supplies Subject": false, "Certificate Name Flag": ["SubjectRequireDnsAsCn", "SubjectAltRequireDns"], "Enrollment Flag": ["AutoEnrollment"], "Private Key Flag": ["AttestNone"], "Extended Key Usage": ["Client Authentication", "Server Authentication"], "Requires Manager Approval": false, "Requires Key Archival": false, "Authorized Signatures Required": 0, "Validity Period": "1 year", "Renewal Period": "6 weeks", "Minimum RSA Key Length": 2048, "domain": "SEQUEL.HTB", "type": "Certificate Template"}, "ObjectIdentifier": "8e19e9ac-d514-43a5-a3be-8b0b264adb6c", "Aces": [{"PrincipalSID": "S-1-5-21-548670397-972687484-3496335370-519", "PrincipalType": "Group", "RightName": "Owns", "IsInherited": false}, {"PrincipalSID": "S-1-5-21-548670397-972687484-3496335370-512", "PrincipalType": "Group", "RightName": "WriteOwner", "IsInherited": false}, {"PrincipalSID": "S-1-5-21-548670397-972687484-3496335370-512", "PrincipalType": "Group", "RightName": "WriteDacl", "IsInherited": false}, {"PrincipalSID": "S-1-5-21-548670397-972687484-3496335370-512", "PrincipalType": "Group", "RightName": "WriteProperty", "IsInherited": false}, {"PrincipalSID": "S-1-5-21-548670397-972687484-3496335370-512", "PrincipalType": "Group", "RightName": "Enroll", "IsInherited": false}, {"PrincipalSID": "S-1-5-21-548670397-972687484-3496335370-515", "PrincipalType": "Group", "RightName": "Enroll", "IsInherited": false}, {"PrincipalSID": "S-1-5-21-548670397-972687484-3496335370-519", "PrincipalType": "Group", "RightName": "WriteOwner", "IsInherited": false}, {"PrincipalSID": "S-1-5-21-548670397-972687484-3496335370-519", "PrincipalType": "Group", "RightName": "WriteDacl", "IsInherited": false}, {"PrincipalSID": "S-1-5-21-548670397-972687484-3496335370-519", "PrincipalType": "Group", "RightName": "WriteProperty", "IsInherited": false}, {"PrincipalSID": "S-1-5-21-548670397-972687484-3496335370-519", "PrincipalType": "Group", "RightName": "Enroll", "IsInherited": false}]}, {"Properties": {"name": "MACHINEENROLLMENTAGENT@SEQUEL.HTB", "highvalue": false, "Template Name": "MachineEnrollmentAgent", "Display Name": "Enrollment Agent (Computer)", "Enabled": false, "Client Authentication": false, "Enrollment Agent": true, "Any Purpose": false, "Enrollee Supplies Subject": false, "Certificate Name Flag": ["SubjectRequireDnsAsCn", "SubjectAltRequireDns"], "Enrollment Flag": ["AutoEnrollment"], "Private Key Flag": ["AttestNone"], "Extended Key Usage": ["Certificate Request Agent"], "Requires Manager Approval": false, "Requires Key Archival": false, "Authorized Signatures Required": 0, "Validity Period": "2 years", "Renewal Period": "6 weeks", "Minimum RSA Key Length": 2048, "domain": "SEQUEL.HTB", "type": "Certificate Template"}, "ObjectIdentifier": "7f2e98f8-16cd-4664-8853-2e79624d6503", "Aces": [{"PrincipalSID": "S-1-5-21-548670397-972687484-3496335370-519", "PrincipalType": "Group", "RightName": "Owns", "IsInherited": false}, {"PrincipalSID": "S-1-5-21-548670397-972687484-3496335370-512", "PrincipalType": "Group", "RightName": "WriteOwner", "IsInherited": false}, {"PrincipalSID": "S-1-5-21-548670397-972687484-3496335370-512", "PrincipalType": "Group", "RightName": "WriteDacl", "IsInherited": false}, {"PrincipalSID": "S-1-5-21-548670397-972687484-3496335370-512", "PrincipalType": "Group", "RightName": "WriteProperty", "IsInherited": false}, {"PrincipalSID": "S-1-5-21-548670397-972687484-3496335370-512", "PrincipalType": "Group", "RightName": "Enroll", "IsInherited": false}, {"PrincipalSID": "S-1-5-21-548670397-972687484-3496335370-519", "PrincipalType": "Group", "RightName": "WriteOwner", "IsInherited": false}, {"PrincipalSID": "S-1-5-21-548670397-972687484-3496335370-519", "PrincipalType": "Group", "RightName": "WriteDacl", "IsInherited": false}, {"PrincipalSID": "S-1-5-21-548670397-972687484-3496335370-519", "PrincipalType": "Group", "RightName": "WriteProperty", "IsInherited": false}, {"PrincipalSID": "S-1-5-21-548670397-972687484-3496335370-519", "PrincipalType": "Group", "RightName": "Enroll", "IsInherited": false}]}, {"Properties": {"name": "ENROLLMENTAGENTOFFLINE@SEQUEL.HTB", "highvalue": false, "Template Name": "EnrollmentAgentOffline", "Display Name": "Exchange Enrollment Agent (Offline request)", "Enabled": false, "Client Authentication": false, "Enrollment Agent": true, "Any Purpose": false, "Enrollee Supplies Subject": true, "Certificate Name Flag": ["EnrolleeSuppliesSubject"], "Enrollment Flag": ["None"], "Private Key Flag": ["AttestNone"], "Extended Key Usage": ["Certificate Request Agent"], "Requires Manager Approval": false, "Requires Key Archival": false, "Authorized Signatures Required": 0, "Validity Period": "2 years", "Renewal Period": "6 weeks", "Minimum RSA Key Length": 2048, "domain": "SEQUEL.HTB", "type": "Certificate Template"}, "ObjectIdentifier": "d762d2df-1518-4b8d-8909-c7040ca76512", "Aces": [{"PrincipalSID": "S-1-5-21-548670397-972687484-3496335370-519", "PrincipalType": "Group", "RightName": "Owns", "IsInherited": false}, {"PrincipalSID": "S-1-5-21-548670397-972687484-3496335370-512", "PrincipalType": "Group", "RightName": "WriteOwner", "IsInherited": false}, {"PrincipalSID": "S-1-5-21-548670397-972687484-3496335370-512", "PrincipalType": "Group", "RightName": "WriteDacl", "IsInherited": false}, {"PrincipalSID": "S-1-5-21-548670397-972687484-3496335370-512", "PrincipalType": "Group", "RightName": "WriteProperty", "IsInherited": false}, {"PrincipalSID": "S-1-5-21-548670397-972687484-3496335370-512", "PrincipalType": "Group", "RightName": "Enroll", "IsInherited": false}, {"PrincipalSID": "S-1-5-21-548670397-972687484-3496335370-519", "PrincipalType": "Group", "RightName": "WriteOwner", "IsInherited": false}, {"PrincipalSID": "S-1-5-21-548670397-972687484-3496335370-519", "PrincipalType": "Group", "RightName": "WriteDacl", "IsInherited": false}, {"PrincipalSID": "S-1-5-21-548670397-972687484-3496335370-519", "PrincipalType": "Group", "RightName": "WriteProperty", "IsInherited": false}, {"PrincipalSID": "S-1-5-21-548670397-972687484-3496335370-519", "PrincipalType": "Group", "RightName": "Enroll", "IsInherited": false}]}, {"Properties": {"name": "ENROLLMENTAGENT@SEQUEL.HTB", "highvalue": false, "Template Name": "EnrollmentAgent", "Display Name": "Enrollment Agent", "Enabled": false, "Client Authentication": false, "Enrollment Agent": true, "Any Purpose": false, "Enrollee Supplies Subject": false, "Certificate Name Flag": ["SubjectRequireDirectoryPath", "SubjectAltRequireUpn"], "Enrollment Flag": ["AutoEnrollment"], "Private Key Flag": ["AttestNone"], "Extended Key Usage": ["Certificate Request Agent"], "Requires Manager Approval": false, "Requires Key Archival": false, "Authorized Signatures Required": 0, "Validity Period": "2 years", "Renewal Period": "6 weeks", "Minimum RSA Key Length": 2048, "domain": "SEQUEL.HTB", "type": "Certificate Template"}, "ObjectIdentifier": "c4a8766d-bbb7-4d91-9436-2b57c3b8d50e", "Aces": [{"PrincipalSID": "S-1-5-21-548670397-972687484-3496335370-519", "PrincipalType": "Group", "RightName": "Owns", "IsInherited": false}, {"PrincipalSID": "S-1-5-21-548670397-972687484-3496335370-512", "PrincipalType": "Group", "RightName": "WriteOwner", "IsInherited": false}, {"PrincipalSID": "S-1-5-21-548670397-972687484-3496335370-512", "PrincipalType": "Group", "RightName": "WriteDacl", "IsInherited": false}, {"PrincipalSID": "S-1-5-21-548670397-972687484-3496335370-512", "PrincipalType": "Group", "RightName": "WriteProperty", "IsInherited": false}, {"PrincipalSID": "S-1-5-21-548670397-972687484-3496335370-512", "PrincipalType": "Group", "RightName": "Enroll", "IsInherited": false}, {"PrincipalSID": "S-1-5-21-548670397-972687484-3496335370-519", "PrincipalType": "Group", "RightName": "WriteOwner", "IsInherited": false}, {"PrincipalSID": "S-1-5-21-548670397-972687484-3496335370-519", "PrincipalType": "Group", "RightName": "WriteDacl", "IsInherited": false}, {"PrincipalSID": "S-1-5-21-548670397-972687484-3496335370-519", "PrincipalType": "Group", "RightName": "WriteProperty", "IsInherited": false}, {"PrincipalSID": "S-1-5-21-548670397-972687484-3496335370-519", "PrincipalType": "Group", "RightName": "Enroll", "IsInherited": false}]}, {"Properties": {"name": "CTLSIGNING@SEQUEL.HTB", "highvalue": false, "Template Name": "CTLSigning", "Display Name": "Trust List Signing", "Enabled": false, "Client Authentication": false, "Enrollment Agent": false, "Any Purpose": false, "Enrollee Supplies Subject": false, "Certificate Name Flag": ["SubjectRequireDirectoryPath", "SubjectAltRequireUpn"], "Enrollment Flag": ["AutoEnrollment"], "Private Key Flag": ["AttestNone"], "Extended Key Usage": ["Microsoft Trust List Signing"], "Requires Manager Approval": false, "Requires Key Archival": false, "Authorized Signatures Required": 0, "Validity Period": "1 year", "Renewal Period": "6 weeks", "Minimum RSA Key Length": 2048, "domain": "SEQUEL.HTB", "type": "Certificate Template"}, "ObjectIdentifier": "542fbb40-ad0e-4ee3-9445-9ee0a650d52e", "Aces": [{"PrincipalSID": "S-1-5-21-548670397-972687484-3496335370-519", "PrincipalType": "Group", "RightName": "Owns", "IsInherited": false}, {"PrincipalSID": "S-1-5-21-548670397-972687484-3496335370-512", "PrincipalType": "Group", "RightName": "WriteOwner", "IsInherited": false}, {"PrincipalSID": "S-1-5-21-548670397-972687484-3496335370-512", "PrincipalType": "Group", "RightName": "WriteDacl", "IsInherited": false}, {"PrincipalSID": "S-1-5-21-548670397-972687484-3496335370-512", "PrincipalType": "Group", "RightName": "WriteProperty", "IsInherited": false}, {"PrincipalSID": "S-1-5-21-548670397-972687484-3496335370-512", "PrincipalType": "Group", "RightName": "Enroll", "IsInherited": false}, {"PrincipalSID": "S-1-5-21-548670397-972687484-3496335370-519", "PrincipalType": "Group", "RightName": "WriteOwner", "IsInherited": false}, {"PrincipalSID": "S-1-5-21-548670397-972687484-3496335370-519", "PrincipalType": "Group", "RightName": "WriteDacl", "IsInherited": false}, {"PrincipalSID": "S-1-5-21-548670397-972687484-3496335370-519", "PrincipalType": "Group", "RightName": "WriteProperty", "IsInherited": false}, {"PrincipalSID": "S-1-5-21-548670397-972687484-3496335370-519", "PrincipalType": "Group", "RightName": "Enroll", "IsInherited": false}]}, {"Properties": {"name": "CODESIGNING@SEQUEL.HTB", "highvalue": false, "Template Name": "CodeSigning", "Display Name": "Code Signing", "Enabled": false, "Client Authentication": false, "Enrollment Agent": false, "Any Purpose": false, "Enrollee Supplies Subject": false, "Certificate Name Flag": ["SubjectRequireDirectoryPath", "SubjectAltRequireUpn"], "Enrollment Flag": ["AutoEnrollment"], "Private Key Flag": ["AttestNone"], "Extended Key Usage": ["Code Signing"], "Requires Manager Approval": false, "Requires Key Archival": false, "Authorized Signatures Required": 0, "Validity Period": "1 year", "Renewal Period": "6 weeks", "Minimum RSA Key Length": 2048, "domain": "SEQUEL.HTB", "type": "Certificate Template"}, "ObjectIdentifier": "7f6f1cf9-fc6e-4964-b8e6-b958cc7e93f5", "Aces": [{"PrincipalSID": "S-1-5-21-548670397-972687484-3496335370-519", "PrincipalType": "Group", "RightName": "Owns", "IsInherited": false}, {"PrincipalSID": "S-1-5-21-548670397-972687484-3496335370-512", "PrincipalType": "Group", "RightName": "WriteOwner", "IsInherited": false}, {"PrincipalSID": "S-1-5-21-548670397-972687484-3496335370-512", "PrincipalType": "Group", "RightName": "WriteDacl", "IsInherited": false}, {"PrincipalSID": "S-1-5-21-548670397-972687484-3496335370-512", "PrincipalType": "Group", "RightName": "WriteProperty", "IsInherited": false}, {"PrincipalSID": "S-1-5-21-548670397-972687484-3496335370-512", "PrincipalType": "Group", "RightName": "Enroll", "IsInherited": false}, {"PrincipalSID": "S-1-5-21-548670397-972687484-3496335370-519", "PrincipalType": "Group", "RightName": "WriteOwner", "IsInherited": false}, {"PrincipalSID": "S-1-5-21-548670397-972687484-3496335370-519", "PrincipalType": "Group", "RightName": "WriteDacl", "IsInherited": false}, {"PrincipalSID": "S-1-5-21-548670397-972687484-3496335370-519", "PrincipalType": "Group", "RightName": "WriteProperty", "IsInherited": false}, {"PrincipalSID": "S-1-5-21-548670397-972687484-3496335370-519", "PrincipalType": "Group", "RightName": "Enroll", "IsInherited": false}]}, {"Properties": {"name": "EFSRECOVERY@SEQUEL.HTB", "highvalue": false, "Template Name": "EFSRecovery", "Display Name": "EFS Recovery Agent", "Certificate Authorities": ["sequel-DC01-CA"], "Enabled": true, "Client Authentication": false, "Enrollment Agent": false, "Any Purpose": false, "Enrollee Supplies Subject": false, "Certificate Name Flag": ["SubjectRequireDirectoryPath", "SubjectAltRequireUpn"], "Enrollment Flag": ["AutoEnrollment", "IncludeSymmetricAlgorithms"], "Private Key Flag": ["ExportableKey"], "Extended Key Usage": ["File Recovery"], "Requires Manager Approval": false, "Requires Key Archival": false, "Authorized Signatures Required": 0, "Validity Period": "5 years", "Renewal Period": "6 weeks", "Minimum RSA Key Length": 2048, "domain": "SEQUEL.HTB", "type": "Certificate Template"}, "ObjectIdentifier": "a1ed6448-8e51-48c6-801f-a5c3bd361dd8", "Aces": [{"PrincipalSID": "S-1-5-21-548670397-972687484-3496335370-519", "PrincipalType": "Group", "RightName": "Owns", "IsInherited": false}, {"PrincipalSID": "S-1-5-21-548670397-972687484-3496335370-512", "PrincipalType": "Group", "RightName": "WriteOwner", "IsInherited": false}, {"PrincipalSID": "S-1-5-21-548670397-972687484-3496335370-512", "PrincipalType": "Group", "RightName": "WriteDacl", "IsInherited": false}, {"PrincipalSID": "S-1-5-21-548670397-972687484-3496335370-512", "PrincipalType": "Group", "RightName": "WriteProperty", "IsInherited": false}, {"PrincipalSID": "S-1-5-21-548670397-972687484-3496335370-512", "PrincipalType": "Group", "RightName": "Enroll", "IsInherited": false}, {"PrincipalSID": "S-1-5-21-548670397-972687484-3496335370-519", "PrincipalType": "Group", "RightName": "WriteOwner", "IsInherited": false}, {"PrincipalSID": "S-1-5-21-548670397-972687484-3496335370-519", "PrincipalType": "Group", "RightName": "WriteDacl", "IsInherited": false}, {"PrincipalSID": "S-1-5-21-548670397-972687484-3496335370-519", "PrincipalType": "Group", "RightName": "WriteProperty", "IsInherited": false}, {"PrincipalSID": "S-1-5-21-548670397-972687484-3496335370-519", "PrincipalType": "Group", "RightName": "Enroll", "IsInherited": false}]}, {"Properties": {"name": "ADMINISTRATOR@SEQUEL.HTB", "highvalue": false, "Template Name": "Administrator", "Display Name": "Administrator", "Certificate Authorities": ["sequel-DC01-CA"], "Enabled": true, "Client Authentication": true, "Enrollment Agent": false, "Any Purpose": false, "Enrollee Supplies Subject": false, "Certificate Name Flag": ["SubjectRequireDirectoryPath", "SubjectRequireEmail", "SubjectAltRequireEmail", "SubjectAltRequireUpn"], "Enrollment Flag": ["AutoEnrollment", "PublishToDs", "IncludeSymmetricAlgorithms"], "Private Key Flag": ["ExportableKey"], "Extended Key Usage": ["Microsoft Trust List Signing", "Encrypting File System", "Secure Email", "Client Authentication"], "Requires Manager Approval": false, "Requires Key Archival": false, "Authorized Signatures Required": 0, "Validity Period": "1 year", "Renewal Period": "6 weeks", "Minimum RSA Key Length": 2048, "domain": "SEQUEL.HTB", "type": "Certificate Template"}, "ObjectIdentifier": "756a9e2b-82f4-4982-b5c3-c0482a113229", "Aces": [{"PrincipalSID": "S-1-5-21-548670397-972687484-3496335370-519", "PrincipalType": "Group", "RightName": "Owns", "IsInherited": false}, {"PrincipalSID": "S-1-5-21-548670397-972687484-3496335370-512", "PrincipalType": "Group", "RightName": "WriteOwner", "IsInherited": false}, {"PrincipalSID": "S-1-5-21-548670397-972687484-3496335370-512", "PrincipalType": "Group", "RightName": "WriteDacl", "IsInherited": false}, {"PrincipalSID": "S-1-5-21-548670397-972687484-3496335370-512", "PrincipalType": "Group", "RightName": "WriteProperty", "IsInherited": false}, {"PrincipalSID": "S-1-5-21-548670397-972687484-3496335370-512", "PrincipalType": "Group", "RightName": "Enroll", "IsInherited": false}, {"PrincipalSID": "S-1-5-21-548670397-972687484-3496335370-519", "PrincipalType": "Group", "RightName": "WriteOwner", "IsInherited": false}, {"PrincipalSID": "S-1-5-21-548670397-972687484-3496335370-519", "PrincipalType": "Group", "RightName": "WriteDacl", "IsInherited": false}, {"PrincipalSID": "S-1-5-21-548670397-972687484-3496335370-519", "PrincipalType": "Group", "RightName": "WriteProperty", "IsInherited": false}, {"PrincipalSID": "S-1-5-21-548670397-972687484-3496335370-519", "PrincipalType": "Group", "RightName": "Enroll", "IsInherited": false}]}, {"Properties": {"name": "EFS@SEQUEL.HTB", "highvalue": false, "Template Name": "EFS", "Display Name": "Basic EFS", "Certificate Authorities": ["sequel-DC01-CA"], "Enabled": true, "Client Authentication": false, "Enrollment Agent": false, "Any Purpose": false, "Enrollee Supplies Subject": false, "Certificate Name Flag": ["SubjectRequireDirectoryPath", "SubjectAltRequireUpn"], "Enrollment Flag": ["AutoEnrollment", "PublishToDs", "IncludeSymmetricAlgorithms"], "Private Key Flag": ["ExportableKey"], "Extended Key Usage": ["Encrypting File System"], "Requires Manager Approval": false, "Requires Key Archival": false, "Authorized Signatures Required": 0, "Validity Period": "1 year", "Renewal Period": "6 weeks", "Minimum RSA Key Length": 2048, "domain": "SEQUEL.HTB", "type": "Certificate Template"}, "ObjectIdentifier": "4ae52797-598b-4e04-aaf8-133fb06bc8f4", "Aces": [{"PrincipalSID": "S-1-5-21-548670397-972687484-3496335370-519", "PrincipalType": "Group", "RightName": "Owns", "IsInherited": false}, {"PrincipalSID": "S-1-5-21-548670397-972687484-3496335370-512", "PrincipalType": "Group", "RightName": "WriteOwner", "IsInherited": false}, {"PrincipalSID": "S-1-5-21-548670397-972687484-3496335370-512", "PrincipalType": "Group", "RightName": "WriteDacl", "IsInherited": false}, {"PrincipalSID": "S-1-5-21-548670397-972687484-3496335370-512", "PrincipalType": "Group", "RightName": "WriteProperty", "IsInherited": false}, {"PrincipalSID": "S-1-5-21-548670397-972687484-3496335370-512", "PrincipalType": "Group", "RightName": "Enroll", "IsInherited": false}, {"PrincipalSID": "S-1-5-21-548670397-972687484-3496335370-513", "PrincipalType": "Group", "RightName": "Enroll", "IsInherited": false}, {"PrincipalSID": "S-1-5-21-548670397-972687484-3496335370-519", "PrincipalType": "Group", "RightName": "WriteOwner", "IsInherited": false}, {"PrincipalSID": "S-1-5-21-548670397-972687484-3496335370-519", "PrincipalType": "Group", "RightName": "WriteDacl", "IsInherited": false}, {"PrincipalSID": "S-1-5-21-548670397-972687484-3496335370-519", "PrincipalType": "Group", "RightName": "WriteProperty", "IsInherited": false}, {"PrincipalSID": "S-1-5-21-548670397-972687484-3496335370-519", "PrincipalType": "Group", "RightName": "Enroll", "IsInherited": false}]}, {"Properties": {"name": "SMARTCARDLOGON@SEQUEL.HTB", "highvalue": false, "Template Name": "SmartcardLogon", "Display Name": "Smartcard Logon", "Enabled": false, "Client Authentication": true, "Enrollment Agent": false, "Any Purpose": false, "Enrollee Supplies Subject": false, "Certificate Name Flag": ["SubjectRequireDirectoryPath", "SubjectAltRequireUpn"], "Enrollment Flag": ["None"], "Private Key Flag": ["AttestNone"], "Extended Key Usage": ["Client Authentication", "Smart Card Logon"], "Requires Manager Approval": false, "Requires Key Archival": false, "Authorized Signatures Required": 0, "Validity Period": "1 year", "Renewal Period": "6 weeks", "Minimum RSA Key Length": 2048, "domain": "SEQUEL.HTB", "type": "Certificate Template"}, "ObjectIdentifier": "3f839e6d-9b33-45fb-aa16-0d1921c898b6", "Aces": [{"PrincipalSID": "S-1-5-21-548670397-972687484-3496335370-519", "PrincipalType": "Group", "RightName": "Owns", "IsInherited": false}, {"PrincipalSID": "S-1-5-21-548670397-972687484-3496335370-512", "PrincipalType": "Group", "RightName": "WriteOwner", "IsInherited": false}, {"PrincipalSID": "S-1-5-21-548670397-972687484-3496335370-512", "PrincipalType": "Group", "RightName": "WriteDacl", "IsInherited": false}, {"PrincipalSID": "S-1-5-21-548670397-972687484-3496335370-512", "PrincipalType": "Group", "RightName": "WriteProperty", "IsInherited": false}, {"PrincipalSID": "S-1-5-21-548670397-972687484-3496335370-512", "PrincipalType": "Group", "RightName": "Enroll", "IsInherited": false}, {"PrincipalSID": "S-1-5-21-548670397-972687484-3496335370-519", "PrincipalType": "Group", "RightName": "WriteOwner", "IsInherited": false}, {"PrincipalSID": "S-1-5-21-548670397-972687484-3496335370-519", "PrincipalType": "Group", "RightName": "WriteDacl", "IsInherited": false}, {"PrincipalSID": "S-1-5-21-548670397-972687484-3496335370-519", "PrincipalType": "Group", "RightName": "WriteProperty", "IsInherited": false}, {"PrincipalSID": "S-1-5-21-548670397-972687484-3496335370-519", "PrincipalType": "Group", "RightName": "Enroll", "IsInherited": false}]}, {"Properties": {"name": "CLIENTAUTH@SEQUEL.HTB", "highvalue": false, "Template Name": "ClientAuth", "Display Name": "Authenticated Session", "Enabled": false, "Client Authentication": true, "Enrollment Agent": false, "Any Purpose": false, "Enrollee Supplies Subject": false, "Certificate Name Flag": ["SubjectRequireDirectoryPath", "SubjectAltRequireUpn"], "Enrollment Flag": ["AutoEnrollment"], "Private Key Flag": ["AttestNone"], "Extended Key Usage": ["Client Authentication"], "Requires Manager Approval": false, "Requires Key Archival": false, "Authorized Signatures Required": 0, "Validity Period": "1 year", "Renewal Period": "6 weeks", "Minimum RSA Key Length": 2048, "domain": "SEQUEL.HTB", "type": "Certificate Template"}, "ObjectIdentifier": "f90daab1-7934-4d4c-ab7b-71bc59bf7268", "Aces": [{"PrincipalSID": "S-1-5-21-548670397-972687484-3496335370-519", "PrincipalType": "Group", "RightName": "Owns", "IsInherited": false}, {"PrincipalSID": "S-1-5-21-548670397-972687484-3496335370-512", "PrincipalType": "Group", "RightName": "WriteOwner", "IsInherited": false}, {"PrincipalSID": "S-1-5-21-548670397-972687484-3496335370-512", "PrincipalType": "Group", "RightName": "WriteDacl", "IsInherited": false}, {"PrincipalSID": "S-1-5-21-548670397-972687484-3496335370-512", "PrincipalType": "Group", "RightName": "WriteProperty", "IsInherited": false}, {"PrincipalSID": "S-1-5-21-548670397-972687484-3496335370-512", "PrincipalType": "Group", "RightName": "Enroll", "IsInherited": false}, {"PrincipalSID": "S-1-5-21-548670397-972687484-3496335370-513", "PrincipalType": "Group", "RightName": "Enroll", "IsInherited": false}, {"PrincipalSID": "S-1-5-21-548670397-972687484-3496335370-519", "PrincipalType": "Group", "RightName": "WriteOwner", "IsInherited": false}, {"PrincipalSID": "S-1-5-21-548670397-972687484-3496335370-519", "PrincipalType": "Group", "RightName": "WriteDacl", "IsInherited": false}, {"PrincipalSID": "S-1-5-21-548670397-972687484-3496335370-519", "PrincipalType": "Group", "RightName": "WriteProperty", "IsInherited": false}, {"PrincipalSID": "S-1-5-21-548670397-972687484-3496335370-519", "PrincipalType": "Group", "RightName": "Enroll", "IsInherited": false}]}, {"Properties": {"name": "SMARTCARDUSER@SEQUEL.HTB", "highvalue": false, "Template Name": "SmartcardUser", "Display Name": "Smartcard User", "Enabled": false, "Client Authentication": true, "Enrollment Agent": false, "Any Purpose": false, "Enrollee Supplies Subject": false, "Certificate Name Flag": ["SubjectRequireDirectoryPath", "SubjectRequireEmail", "SubjectAltRequireEmail", "SubjectAltRequireUpn"], "Enrollment Flag": ["PublishToDs", "IncludeSymmetricAlgorithms"], "Private Key Flag": ["AttestNone"], "Extended Key Usage": ["Secure Email", "Client Authentication", "Smart Card Logon"], "Requires Manager Approval": false, "Requires Key Archival": false, "Authorized Signatures Required": 0, "Validity Period": "1 year", "Renewal Period": "6 weeks", "Minimum RSA Key Length": 2048, "domain": "SEQUEL.HTB", "type": "Certificate Template"}, "ObjectIdentifier": "1c22e1b6-598c-4935-98f3-03b62e9a7651", "Aces": [{"PrincipalSID": "S-1-5-21-548670397-972687484-3496335370-519", "PrincipalType": "Group", "RightName": "Owns", "IsInherited": false}, {"PrincipalSID": "S-1-5-21-548670397-972687484-3496335370-512", "PrincipalType": "Group", "RightName": "WriteOwner", "IsInherited": false}, {"PrincipalSID": "S-1-5-21-548670397-972687484-3496335370-512", "PrincipalType": "Group", "RightName": "WriteDacl", "IsInherited": false}, {"PrincipalSID": "S-1-5-21-548670397-972687484-3496335370-512", "PrincipalType": "Group", "RightName": "WriteProperty", "IsInherited": false}, {"PrincipalSID": "S-1-5-21-548670397-972687484-3496335370-512", "PrincipalType": "Group", "RightName": "Enroll", "IsInherited": false}, {"PrincipalSID": "S-1-5-21-548670397-972687484-3496335370-519", "PrincipalType": "Group", "RightName": "WriteOwner", "IsInherited": false}, {"PrincipalSID": "S-1-5-21-548670397-972687484-3496335370-519", "PrincipalType": "Group", "RightName": "WriteDacl", "IsInherited": false}, {"PrincipalSID": "S-1-5-21-548670397-972687484-3496335370-519", "PrincipalType": "Group", "RightName": "WriteProperty", "IsInherited": false}, {"PrincipalSID": "S-1-5-21-548670397-972687484-3496335370-519", "PrincipalType": "Group", "RightName": "Enroll", "IsInherited": false}]}, {"Properties": {"name": "USERSIGNATURE@SEQUEL.HTB", "highvalue": false, "Template Name": "UserSignature", "Display Name": "User Signature Only", "Enabled": false, "Client Authentication": true, "Enrollment Agent": false, "Any Purpose": false, "Enrollee Supplies Subject": false, "Certificate Name Flag": ["SubjectRequireDirectoryPath", "SubjectRequireEmail", "SubjectAltRequireEmail", "SubjectAltRequireUpn"], "Enrollment Flag": ["AutoEnrollment"], "Private Key Flag": ["AttestNone"], "Extended Key Usage": ["Secure Email", "Client Authentication"], "Requires Manager Approval": false, "Requires Key Archival": false, "Authorized Signatures Required": 0, "Validity Period": "1 year", "Renewal Period": "6 weeks", "Minimum RSA Key Length": 2048, "domain": "SEQUEL.HTB", "type": "Certificate Template"}, "ObjectIdentifier": "155337a7-7403-4282-897a-dc7d10305c6b", "Aces": [{"PrincipalSID": "S-1-5-21-548670397-972687484-3496335370-519", "PrincipalType": "Group", "RightName": "Owns", "IsInherited": false}, {"PrincipalSID": "S-1-5-21-548670397-972687484-3496335370-512", "PrincipalType": "Group", "RightName": "WriteOwner", "IsInherited": false}, {"PrincipalSID": "S-1-5-21-548670397-972687484-3496335370-512", "PrincipalType": "Group", "RightName": "WriteDacl", "IsInherited": false}, {"PrincipalSID": "S-1-5-21-548670397-972687484-3496335370-512", "PrincipalType": "Group", "RightName": "WriteProperty", "IsInherited": false}, {"PrincipalSID": "S-1-5-21-548670397-972687484-3496335370-512", "PrincipalType": "Group", "RightName": "Enroll", "IsInherited": false}, {"PrincipalSID": "S-1-5-21-548670397-972687484-3496335370-513", "PrincipalType": "Group", "RightName": "Enroll", "IsInherited": false}, {"PrincipalSID": "S-1-5-21-548670397-972687484-3496335370-519", "PrincipalType": "Group", "RightName": "WriteOwner", "IsInherited": false}, {"PrincipalSID": "S-1-5-21-548670397-972687484-3496335370-519", "PrincipalType": "Group", "RightName": "WriteDacl", "IsInherited": false}, {"PrincipalSID": "S-1-5-21-548670397-972687484-3496335370-519", "PrincipalType": "Group", "RightName": "WriteProperty", "IsInherited": false}, {"PrincipalSID": "S-1-5-21-548670397-972687484-3496335370-519", "PrincipalType": "Group", "RightName": "Enroll", "IsInherited": false}]}, {"Properties": {"name": "USER@SEQUEL.HTB", "highvalue": false, "Template Name": "User", "Display Name": "User", "Certificate Authorities": ["sequel-DC01-CA"], "Enabled": true, "Client Authentication": true, "Enrollment Agent": false, "Any Purpose": false, "Enrollee Supplies Subject": false, "Certificate Name Flag": ["SubjectRequireDirectoryPath", "SubjectRequireEmail", "SubjectAltRequireEmail", "SubjectAltRequireUpn"], "Enrollment Flag": ["AutoEnrollment", "PublishToDs", "IncludeSymmetricAlgorithms"], "Private Key Flag": ["ExportableKey"], "Extended Key Usage": ["Encrypting File System", "Secure Email", "Client Authentication"], "Requires Manager Approval": false, "Requires Key Archival": false, "Authorized Signatures Required": 0, "Validity Period": "1 year", "Renewal Period": "6 weeks", "Minimum RSA Key Length": 2048, "domain": "SEQUEL.HTB", "type": "Certificate Template"}, "ObjectIdentifier": "3974ac0d-e066-461a-8c14-efb2d236f9d4", "Aces": [{"PrincipalSID": "S-1-5-21-548670397-972687484-3496335370-519", "PrincipalType": "Group", "RightName": "Owns", "IsInherited": false}, {"PrincipalSID": "S-1-5-21-548670397-972687484-3496335370-512", "PrincipalType": "Group", "RightName": "WriteOwner", "IsInherited": false}, {"PrincipalSID": "S-1-5-21-548670397-972687484-3496335370-512", "PrincipalType": "Group", "RightName": "WriteDacl", "IsInherited": false}, {"PrincipalSID": "S-1-5-21-548670397-972687484-3496335370-512", "PrincipalType": "Group", "RightName": "WriteProperty", "IsInherited": false}, {"PrincipalSID": "S-1-5-21-548670397-972687484-3496335370-512", "PrincipalType": "Group", "RightName": "Enroll", "IsInherited": false}, {"PrincipalSID": "S-1-5-21-548670397-972687484-3496335370-513", "PrincipalType": "Group", "RightName": "Enroll", "IsInherited": false}, {"PrincipalSID": "S-1-5-21-548670397-972687484-3496335370-519", "PrincipalType": "Group", "RightName": "WriteOwner", "IsInherited": false}, {"PrincipalSID": "S-1-5-21-548670397-972687484-3496335370-519", "PrincipalType": "Group", "RightName": "WriteDacl", "IsInherited": false}, {"PrincipalSID": "S-1-5-21-548670397-972687484-3496335370-519", "PrincipalType": "Group", "RightName": "WriteProperty", "IsInherited": false}, {"PrincipalSID": "S-1-5-21-548670397-972687484-3496335370-519", "PrincipalType": "Group", "RightName": "Enroll", "IsInherited": false}]}, {"Properties": {"name": "DUNDERMIFFLINAUTHENTICATION@SEQUEL.HTB", "highvalue": false, "Template Name": "DunderMifflinAuthentication", "Display Name": "Dunder Mifflin Authentication", "Certificate Authorities": ["sequel-DC01-CA"], "Enabled": true, "Client Authentication": true, "Enrollment Agent": false, "Any Purpose": false, "Enrollee Supplies Subject": false, "Certificate Name Flag": ["SubjectRequireCommonName", "SubjectAltRequireDns"], "Enrollment Flag": ["AutoEnrollment", "PublishToDs"], "Private Key Flag": ["16842752"], "Extended Key Usage": ["Client Authentication", "Server Authentication"], "Requires Manager Approval": false, "Requires Key Archival": false, "Authorized Signatures Required": 0, "Validity Period": "1000 years", "Renewal Period": "6 weeks", "Minimum RSA Key Length": 2048, "domain": "SEQUEL.HTB", "type": "Certificate Template"}, "ObjectIdentifier": "56363ae5-8bf7-41c7-aa42-de09ab7467b2", "Aces": [{"PrincipalSID": "S-1-5-21-548670397-972687484-3496335370-519", "PrincipalType": "Group", "RightName": "Owns", "IsInherited": false}, {"PrincipalSID": "S-1-5-21-548670397-972687484-3496335370-512", "PrincipalType": "Group", "RightName": "WriteOwner", "IsInherited": false}, {"PrincipalSID": "S-1-5-21-548670397-972687484-3496335370-512", "PrincipalType": "Group", "RightName": "WriteDacl", "IsInherited": false}, {"PrincipalSID": "S-1-5-21-548670397-972687484-3496335370-512", "PrincipalType": "Group", "RightName": "WriteProperty", "IsInherited": false}, {"PrincipalSID": "S-1-5-21-548670397-972687484-3496335370-512", "PrincipalType": "Group", "RightName": "Enroll", "IsInherited": false}, {"PrincipalSID": "S-1-5-21-548670397-972687484-3496335370-519", "PrincipalType": "Group", "RightName": "WriteOwner", "IsInherited": false}, {"PrincipalSID": "S-1-5-21-548670397-972687484-3496335370-519", "PrincipalType": "Group", "RightName": "WriteDacl", "IsInherited": false}, {"PrincipalSID": "S-1-5-21-548670397-972687484-3496335370-519", "PrincipalType": "Group", "RightName": "WriteProperty", "IsInherited": false}, {"PrincipalSID": "S-1-5-21-548670397-972687484-3496335370-519", "PrincipalType": "Group", "RightName": "Enroll", "IsInherited": false}, {"PrincipalSID": "S-1-5-21-548670397-972687484-3496335370-500", "PrincipalType": "User", "RightName": "WriteOwner", "IsInherited": false}, {"PrincipalSID": "S-1-5-21-548670397-972687484-3496335370-500", "PrincipalType": "User", "RightName": "WriteDacl", "IsInherited": false}, {"PrincipalSID": "S-1-5-21-548670397-972687484-3496335370-500", "PrincipalType": "User", "RightName": "WriteProperty", "IsInherited": false}, {"PrincipalSID": "S-1-5-21-548670397-972687484-3496335370-517", "PrincipalType": "Group", "RightName": "GenericAll", "IsInherited": false}]}], "meta": {"count": 35, "type": "gpos", "version": 4}}